PSGC,Prov,Muni,AfBgys,AfFams,AfPers,Ecs,FamIEC,PIEC,FamOEC,POEC,TotalFam,TotalPer,Level
	041001000,BATANGAS,AGONCILLO,,,,,,,,,0,0,M
	041002000,BATANGAS,ALITAGTAG,,,,,,,,,0,0,M
	041003000,BATANGAS,BALAYAN,18,149,726,,,,,,0,0,M
	041004000,BATANGAS,BALETE,,,,,,,,,0,0,M
	041005000,BATANGAS,BATANGAS CITY,5,161,797,0,0,0,,,0,0,C
	041006000,BATANGAS,BAUAN,1,1,1,,,,,,0,0,M
	041007000,BATANGAS,CALACA,2,58,253,0,0,0,,,0,0,M
	041008000,BATANGAS,CALATAGAN,2,12,49,1,11,38,,,11,38,M
	041009000,BATANGAS,CUENCA,,,,,,,,,0,0,M
	041010000,BATANGAS,IBAAN,,,,,,,,,0,0,M
	041011000,BATANGAS,LAUREL,,,,,,,,,0,0,M
	041012000,BATANGAS,LEMERY,,,,,,,,,0,0,M
	041013000,BATANGAS,LIAN,11,648,3240,,,,,,0,0,M
	041014000,BATANGAS,LIPA CITY,1,30,187,,,,,,0,0,C
	041015000,BATANGAS,LOBO,,,,,,,,,0,0,M
	041016000,BATANGAS,MABINI,,,,,,,,,0,0,M
	041017000,BATANGAS,MALVAR,,,,,,,,,0,0,M
	041018000,BATANGAS,MATAASNAKAHOY,,,,,,,,,0,0,M
	041019000,BATANGAS,NASUGBU,,,,,,,,,0,0,M
	041020000,BATANGAS,PADRE GARCIA,,,,,,,,,0,0,M
	041021000,BATANGAS,ROSARIO,,,,,,,,,0,0,M
	041022000,BATANGAS,SAN JOSE,,,,,,,,,0,0,M
	041023000,BATANGAS,SAN JUAN,,,,,,,,,0,0,M
	041024000,BATANGAS,SAN LUIS,,,,,,,,,0,0,M
	041025000,BATANGAS,SAN NICOLAS,1,7,40,,,,,,0,0,M
	041026000,BATANGAS,SAN PASCUAL,,,,,,,,,0,0,M
	041027000,BATANGAS,SANTA TERESITA,1,1,5,,,,,,0,0,M
	041028000,BATANGAS,SANTO TOMAS,,,,,,,,,0,0,M
	041029000,BATANGAS,TAAL,,,,,,,,,0,0,M
	041030000,BATANGAS,TALISAY,,,,,,,,,0,0,M
	041031000,BATANGAS,TANAUAN CITY,,,,,,,,,0,0,C
	041032000,BATANGAS,TAYSAN,,,,,,,,,0,0,M
	041033000,BATANGAS,TINGLOY,,,,,,,,,0,0,M
	041034000,BATANGAS,TUY,,,,,,,,,0,0,M
	042101000,CAVITE,ALFONSO,,,,,,,,,0,0,M
	042102000,CAVITE,AMADEO,,,,,,,,,0,0,M
	042103000,CAVITE,BACOOR,,,,,,,,,0,0,M
	042104000,CAVITE,CARMONA,,,,,,,,,0,0,M
	042105000,CAVITE,CAVITE CITY,1,106,412,0,0,0,,,0,0,C
	042106000,CAVITE,DASMARIÑAS,,,,,,,,,0,0,M
	042123000,CAVITE,GEN. MARIANO ALVAREZ,,,,,,,,,0,0,M
	042107000,CAVITE,GENERAL EMILIO AGUINALDO,,,,,,,,,0,0,M
	042108000,CAVITE,GENERAL TRIAS,,,,,,,,,0,0,M
	042109000,CAVITE,IMUS,,,,,,,,,0,0,M
	042110000,CAVITE,INDANG,,,,,,,,,0,0,M
	042111000,CAVITE,KAWIT,,,,,,,,,0,0,M
	042112000,CAVITE,MAGALLANES,,,,,,,,,0,0,M
	042113000,CAVITE,MARAGONDON,,,,,,,,,0,0,M
	042114000,CAVITE,MENDEZ (MENDEZ-NUÑEZ),,,,,,,,,0,0,M
	042115000,CAVITE,NAIC,,,,,,,,,0,0,M
	042116000,CAVITE,NOVELETA,2,74,320,0,0,0,,,0,0,M
	042117000,CAVITE,ROSARIO,,,,,,,,,0,0,M
	042118000,CAVITE,SILANG,,,,,,,,,0,0,M
	042119000,CAVITE,TAGAYTAY CITY,,,,,,,,,0,0,C
	042120000,CAVITE,TANZA,,,,,,,,,0,0,M
	042121000,CAVITE,TERNATE,,,,,,,,,0,0,M
	042122000,CAVITE,TRECE MARTIRES,,,,,,,,,0,0,c
	043400000,LAGUNA,,46,2655,12058,11,163,535,0,0,163,535,P
	043401000,LAGUNA,ALAMINOS,,,,,,,,,0,0,M
	043402000,LAGUNA,BAY,,,,,,,,,0,0,M
	043403000,LAGUNA,BIÑAN CITY,2,18,88,1,16,80,,,16,80,C
	043404000,LAGUNA,CABUYAO,,,,,,,,,0,0,M
	043405000,LAGUNA,CALAMBA CITY,,,,,,,,,0,0,C
	043406000,LAGUNA,CALAUAN,,,,,,,,,0,0,M
	043407000,LAGUNA,CAVINTI,,,,,,,,,0,0,M
	043408000,LAGUNA,FAMY,,,,,,,,,0,0,M
	043409000,LAGUNA,KALAYAAN,,,,,,,,,0,0,M
	043410000,LAGUNA,LILIW,,,,,,,,,0,0,M
	043411000,LAGUNA,LOS BAÑOS,,,,,,,,,0,0,M
	043412000,LAGUNA,LUISIANA,,,,,,,,,0,0,M
	043413000,LAGUNA,LUMBAN,,,,,,,,,0,0,M
	043414000,LAGUNA,MABITAC,11,1578,7790,7,105,307,,,105,307,M
	043415000,LAGUNA,MAGDALENA,2,30,105,2,19,70,,,19,70,M
	043416000,LAGUNA,MAJAYJAY,,,,,,,,,0,0,M
	043417000,LAGUNA,NAGCARLAN,,,,,,,,,0,0,M
	043418000,LAGUNA,PAETE,3,23,78,1,23,78,,,23,78,M
	043419000,LAGUNA,PAGSANJAN,,,,,,,,,0,0,M
	043420000,LAGUNA,PAKIL,2,163,318,0,0,0,,,0,0,M
	043421000,LAGUNA,PANGIL,8,415,1811,0,0,0,,,0,0,M
	043422000,LAGUNA,PILA,,,,,,,,,0,0,M
	043423000,LAGUNA,RIZAL,,,,,,,,,0,0,M
	043424000,LAGUNA,SAN PABLO CITY,8,93,388,0,0,0,,,0,0,C
	043425000,LAGUNA,SAN PEDRO,,,,,,,,,0,0,M
	043426000,LAGUNA,SANTA CRUZ,,,,,,,,,0,0,M
	043427000,LAGUNA,SANTA MARIA,4,58,285,0,0,0,,,0,0,M
	043428000,LAGUNA,SANTA ROSA CITY,3,170,850,0,0,0,,,0,0,C
	043429000,LAGUNA,SINILOAN,,,,,,,,,0,0,M
	043430000,LAGUNA,VICTORIA,3,107,345,0,0,0,,,0,0,M
	045600000,QUEZON,,75,1983,8824,0,0,0,63,315,63,315,P
	045601000,QUEZON,AGDANGAN,1,1,5,,,,,,0,0,M
	045602000,QUEZON,ALABAT,9,106,461,0,0,0,,,0,0,M
	045603000,QUEZON,ATIMONAN,,,,,,,,,0,0,M
	045605000,QUEZON,BUENAVISTA,6,125,506,,,,,,0,0,M
	045606000,QUEZON,BURDEOS,2,63,315,,,,63,315,63,315,M
	045607000,QUEZON,CALAUAG,6,73,275,0,0,0,,,0,0,M
	045608000,QUEZON,CANDELARIA,2,15,75,0,0,0,,,0,0,M
	045610000,QUEZON,CATANAUAN,,,,,,,,,0,0,M
	045615000,QUEZON,DOLORES,,,,,,,,,0,0,M
	045616000,QUEZON,GENERAL LUNA,,,,,,,,,0,0,M
	045617000,QUEZON,GENERAL NAKAR,,,,,,,,,0,0,M
	045618000,QUEZON,GUINAYANGAN,6,236,1103,,,,,,0,0,M
	045619000,QUEZON,GUMACA,5,205,811,0,0,0,,,0,0,M
	045620000,QUEZON,INFANTA,,,,,,,,,0,0,M
	045621000,QUEZON,JOMALIG,,,,,,,,,0,0,M
	045622000,QUEZON,LOPEZ,,,,,,,,,0,0,M
	045623000,QUEZON,LUCBAN,,,,,,,,,0,0,M
	045624000,QUEZON,LUCENA CITY,,,,,,,,,0,0,C
	045625000,QUEZON,MACALELON,,,,,,,,,0,0,M
	045627000,QUEZON,MAUBAN,4,68,304,0,0,0,,,0,0,M
	045628000,QUEZON,MULANAY,,,,,,,,,0,0,M
	045629000,QUEZON,PADRE BURGOS,,,,,,,,,0,0,M
	045630000,QUEZON,PAGBILAO,,,,,,,,,0,0,M
	045631000,QUEZON,PANUKULAN,,,,,,,,,0,0,M
	045632000,QUEZON,PATNANUNGAN,,,,,,,,,0,0,M
	045633000,QUEZON,PEREZ,3,31,120,0,0,0,,,0,0,M
	045634000,QUEZON,PITOGO,,,,,,,,,0,0,M
	045635000,QUEZON,PLARIDEL,1,7,30,0,0,0,,,0,0,M
	045636000,QUEZON,POLILLO,,,,,,,,,0,0,M
	045637000,QUEZON,QUEZON,4,99,501,0,0,0,,,0,0,M
	045638000,QUEZON,REAL,,,,,,,,,0,0,M
	045639000,QUEZON,SAMPALOC,,,,,,,,,0,0,M
	045640000,QUEZON,SAN ANDRES,,,,,,,,,0,0,M
	045641000,QUEZON,SAN ANTONIO,4,20,100,,,,,,0,0,M
	045642000,QUEZON,SAN FRANCISCO,3,153,493,0,0,0,,,0,0,M
	045644000,QUEZON,SAN NARCISO,,,,,,,,,0,0,M
	045645000,QUEZON,SARIAYA,5,438,2225,,,,,,0,0,M
	045646000,QUEZON,TAGKAWAYAN,2,53,178,0,0,0,,,0,0,M
	045647000,QUEZON,TAYABAS,,,,,,,,,0,0,M
	045648000,QUEZON,TIAONG,,,,,,,,,0,0,M
	045649000,QUEZON,UNISAN,12,290,1322,0,0,0,,,0,0,M
	045800000,RIZAL,,2,50,164,0,0,0,0,0,0,0,P
	045801000,RIZAL,ANGONO,,,,,,,,,0,0,M
	045802000,RIZAL,ANTIPOLO CITY,,,,,,,,,0,0,C
	045803000,RIZAL,BARAS,,,,,,,,,0,0,M
	045804000,RIZAL,BINANGONAN,,,,,,,,,0,0,M
	045805000,RIZAL,CAINTA,,,,,,,,,0,0,M
	045806000,RIZAL,CARDONA,,,,,,,,,0,0,M
	045807000,RIZAL,JALA-JALA,,,,,,,,,0,0,M
	045809000,RIZAL,MORONG,,,,,,,,,0,0,M
	045810000,RIZAL,PILILLA,,,,,,,,,0,0,M
	045808000,RIZAL,RODRIGUEZ (MONTALBAN),,,,,,,,,0,0,M
	045811000,RIZAL,SAN MATEO,,,,,,,,,0,0,M
	045812000,RIZAL,TANAY,,,,,,,,,0,0,M
	045813000,RIZAL,TAYTAY,2,50,164,,,,,,0,0,M
	045814000,RIZAL,TERESA,,,,,,,,,0,0,M
	170000000,REGION IV-B (MIMAROPA),,299,25072,111702,21,1182,5903,0,0,1182,5903,R
	174000000,MARINDUQUE,,46,1984,8286,0,0,0,0,0,0,0,P
	174001000,MARINDUQUE,BOAC,4,856,3386,,,,,,0,0,M
	174002000,MARINDUQUE,BUENAVISTA,7,360,1365,,,,,,0,0,M
	174003000,MARINDUQUE,GASAN,6,333,1637,,,,,,0,0,M
	174004000,MARINDUQUE,MOGPOG,12,235,983,,,,,,0,0,M
	174005000,MARINDUQUE,SANTA CRUZ,11,103,275,,,,,,0,0,M
	174006000,MARINDUQUE,TORRIJOS,6,97,640,,,,,,0,0,M
	175100000,OCCIDENTAL MINDORO,,48,5956,25885,0,0,0,0,0,0,0,P
	175101000,OCCIDENTAL MINDORO,ABRA DE ILOG,1,7,35,,,,,,0,0,M
	175102000,OCCIDENTAL MINDORO,CALINTAAN,5,276,1266,,,,,,0,0,M
	175103000,OCCIDENTAL MINDORO,LOOC,4,98,490,,,,,,0,0,M
	175104000,OCCIDENTAL MINDORO,LUBANG,2,212,1012,,,,,,0,0,M
	175105000,OCCIDENTAL MINDORO,MAGSAYSAY,7,1047,2813,,,,,,0,0,M
	175106000,OCCIDENTAL MINDORO,MAMBURAO,2,392,1672,,,,,,0,0,M
	175107000,OCCIDENTAL MINDORO,PALUAN,,,,,,,,,0,0,M
	175108000,OCCIDENTAL MINDORO,RIZAL,10,555,2452,,,,,,0,0,M
	175109000,OCCIDENTAL MINDORO,SABLAYAN,5,2197,10985,,,,,,0,0,M
	175110000,OCCIDENTAL MINDORO,SAN JOSE,8,915,3875,,,,,,0,0,M
	175111000,OCCIDENTAL MINDORO,SANTA CRUZ,4,257,1285,,,,,,0,0,M
	175200000,ORIENTAL MINDORO,,73,9040,40041,0,0,0,0,0,0,0,P
	175201000,ORIENTAL MINDORO,BACO,3,1042,4617,,,,,,0,0,M
	175202000,ORIENTAL MINDORO,BANSUD,7,572,1995,,,,,,0,0,M
	175203000,ORIENTAL MINDORO,BONGABONG,2,911,4486,,,,,,0,0,M
	175204000,ORIENTAL MINDORO,BULALACAO (SAN PEDRO),3,786,3310,,,,,,0,0,M
	175205000,ORIENTAL MINDORO,CALAPAN CITY,5,706,2716,,,,,,0,0,C
	175206000,ORIENTAL MINDORO,GLORIA,7,92,432,,,,,,0,0,M
	175207000,ORIENTAL MINDORO,MANSALAY,4,1015,4215,,,,,,0,0,M
	175208000,ORIENTAL MINDORO,NAUJAN,11,647,3308,,,,,,0,0,M
	175209000,ORIENTAL MINDORO,PINAMALAYAN,7,1005,4573,,,,,,0,0,M
	175210000,ORIENTAL MINDORO,POLA,3,100,408,,,,,,0,0,M
	175211000,ORIENTAL MINDORO,PUERTO GALERA,1,95,475,,,,,,0,0,M
	175212000,ORIENTAL MINDORO,ROXAS,11,292,1469,,,,,,0,0,M
	175213000,ORIENTAL MINDORO,SAN TEODORO,1,1260,5988,,,,,,0,0,M
	175214000,ORIENTAL MINDORO,SOCORRO,4,401,1484,,,,,,0,0,M
	175215000,ORIENTAL MINDORO,VICTORIA,4,116,565,,,,,,0,0,M
	175300000,PALAWAN,,59,6135,29752,21,1182,5903,0,0,1182,5903,P
	175301000,PALAWAN,ABORLAN,,,,,,,,,0,0,M
	175302000,PALAWAN,AGUTAYA,1,1565,7356,,,,,,0,0,M
	175303000,PALAWAN,ARACELI,2,225,1125,,,,,,0,0,M
	175304000,PALAWAN,BALABAC,,,,,,,,,0,0,M
	175305000,PALAWAN,BATARAZA,,,,,,,,,0,0,M
	175306000,PALAWAN,BROOKE'S POINT,,,,,,,,,0,0,M
	175307000,PALAWAN,BUSUANGA,3,91,455,,,,,,0,0,M
	175308000,PALAWAN,CAGAYANCILLO,,,,,,,,,0,0,M
	175309000,PALAWAN,CORON,6,1182,5903,21,1182,5903,,,1182,5903,M
	175322000,PALAWAN,CULION,12,373,1660,,,,,,0,0,M
	175310000,PALAWAN,CUYO,5,278,1148,,,,,,0,0,M
	175311000,PALAWAN,DUMARAN,1,112,560,,,,,,0,0,M
	175312000,PALAWAN,EL NIDO (BACUIT),1,32,160,,,,,,0,0,M
	175321000,PALAWAN,KALAYAAN,,,,,,,,,0,0,M
	175313000,PALAWAN,LINAPACAN,,,,,,,,,0,0,M
	175314000,PALAWAN,MAGSAYSAY,1,200,1000,,,,,,0,0,M
	175315000,PALAWAN,NARRA,1,25,125,,,,,,0,0,M
	175316000,PALAWAN,PUERTO PRINCESA,,,,,,,,,0,0,C
	175317000,PALAWAN,QUEZON,1,40,200,,,,,,0,0,M
	175323000,PALAWAN,RIZAL (MARCOS),,,,,,,,,0,0,M
	175318000,PALAWAN,ROXAS,18,1103,5515,,,,,,0,0,M
	175319000,PALAWAN,SAN VICENTE,,,,,,,,,0,0,M
	175324000,PALAWAN,SOFRONIO ESPAÑOLA,,,,,,,,,0,0,M
	175320000,PALAWAN,TAYTAY,7,909,4545,,,,,,0,0,M
	175900000,ROMBLON,,73,1957,7738,0,0,0,0,0,0,0,P
	175901000,ROMBLON,ALCANTARA,1,85,425,,,,,,0,0,M
	175902000,ROMBLON,BANTON,,,,,,,,,0,0,M
	175903000,ROMBLON,CAJIDIOCAN,5,109,574,,,,,,0,0,M
	175904000,ROMBLON,CALATRAVA,7,344,958,,,,,,0,0,M
	175905000,ROMBLON,CONCEPCION,1,1,2,,,,,,0,0,M
	175906000,ROMBLON,CORCUERA,,,,,,,,,0,0,M
	175916000,ROMBLON,FERROL,7,224,925,,,,,,0,0,M
	175907000,ROMBLON,LOOC,7,111,370,,,,,,0,0,M
	175908000,ROMBLON,MAGDIWANG,,,,,,,,,0,0,M
	175909000,ROMBLON,ODIONGAN,5,93,432,,,,,,0,0,M
	175910000,ROMBLON,ROMBLON,9,311,1214,,,,,,0,0,M
	175911000,ROMBLON,SAN AGUSTIN,7,123,494,,,,,,0,0,M
	175912000,ROMBLON,SAN ANDRES,9,282,896,,,,,,0,0,M
	175913000,ROMBLON,SAN FERNANDO,5,143,900,,,,,,0,0,M
	175914000,ROMBLON,SAN JOSE,,,,,,,,,0,0,M
	175915000,ROMBLON,SANTA FE,5,59,251,,,,,,0,0,M
	175917000,ROMBLON,SANTA MARIA (IMELDA),5,72,297,,,,,,0,0,M
	050000000,REGION V (BICOL REGION),,529,73354,328503,237,6078,29246,37759,148471,43837,177717,R
	050500000,ALBAY,,101,15143,71583,0,0,0,0,0,0,0,P
	050501000,ALBAY,BACACAY,9,586,2397,,,,,,0,0,M
	050502000,ALBAY,CAMALIG,,,,,,,,,0,0,M
	050503000,ALBAY,DARAGA ,19,2269,9811,,,,,,0,0,M
	050504000,ALBAY,GUINOBATAN,2,425,2125,,,,,,0,0,M
	050505000,ALBAY,JOVELLAR,,,,,,,,,0,0,M
	050506000,ALBAY,LEGAZPI CITY,23,5784,31080,,,,,,0,0,C
	050507000,ALBAY,LIBON,,,,,,,,,0,0,M
	050508000,ALBAY,LIGAO CITY,13,1024,4199,,,,,,0,0,C
	050509000,ALBAY,MALILIPOT,14,2552,10717,,,,,,0,0,M
	050510000,ALBAY,MALINAO,4,484,1982,,,,,,0,0,M
	050511000,ALBAY,MANITO,,,,,,,,,0,0,M
	050512000,ALBAY,OAS,,,,,,,,,0,0,M
	050513000,ALBAY,PIO DURAN,,,,,,,,,0,0,M
	050514000,ALBAY,POLANGUI,,,,,,,,,0,0,M
	050515000,ALBAY,RAPU-RAPU,,,,,,,,,0,0,M
	050516000,ALBAY,SANTO DOMINGO (LIBOG),17,2019,9272,,,,,,0,0,M
	050517000,ALBAY,TABACO CITY,,,,,,,,,0,0,C
	050518000,ALBAY,TIWI,,,,,,,,,0,0,M
	051600000,CAMARINES NORTE,,20,402,1945,27,402,1945,0,0,402,1945,P
	051601000,CAMARINES NORTE,BASUD,,,,,,,,,0,0,M
	051602000,CAMARINES NORTE,CAPALONGA,1,4,16,1,4,16,,,4,16,M
	051603000,CAMARINES NORTE,DAET,1,16,80,1,16,80,,,16,80,M
	051605000,CAMARINES NORTE,JOSE PANGANIBAN,13,364,1782,20,364,1782,,,364,1782,M
	051606000,CAMARINES NORTE,LABO,,,,,,,,,0,0,M
	051607000,CAMARINES NORTE,MERCEDES,,,,,,,,,0,0,M
	051608000,CAMARINES NORTE,PARACALE,,,,,,,,,0,0,M
	051604000,CAMARINES NORTE,SAN LORENZO RUIZ ,,,,,,,,,0,0,M
	051609000,CAMARINES NORTE,SAN VICENTE,5,18,67,5,18,67,,,18,67,M
	051610000,CAMARINES NORTE,SANTA ELENA,,,,,,,,,0,0,M
	051611000,CAMARINES NORTE,TALISAY,,,,,,,,,0,0,M
	051612000,CAMARINES NORTE,VINZONS,,,,,,,,,0,0,M
	051700000,CAMARINES SUR,,261,42415,168003,188,4887,23119,37528,147085,42415,170204,P
	051701000,CAMARINES SUR,BAAO,4,167,837,,,,167,837,167,837,M
	051702000,CAMARINES SUR,BALATAN,7,444,2170,3,63,315,381,1855,444,2170,M
	051703000,CAMARINES SUR,BATO,12,1374,6120,4,72,359,1302,5761,1374,6120,M
	051704000,CAMARINES SUR,BOMBON,5,727,2511,,,,727,2511,727,2511,M
	051705000,CAMARINES SUR,BUHI,9,829,2753,2,19,102,810,2651,829,2753,M
	051706000,CAMARINES SUR,BULA,4,279,1322,3,78,368,201,944,279,1312,M
	051707000,CAMARINES SUR,CABUSAO,5,1085,2851,8,211,759,874,2092,1085,2851,M
	051708000,CAMARINES SUR,CALABANGA,21,4500,16438,17,672,3165,3828,13146,4500,16311,M
	051709000,CAMARINES SUR,CAMALIGAN,9,659,3220,6,34,156,625,3064,659,3220,M
	051710000,CAMARINES SUR,CANAMAN,6,490,2359,8,54,251,436,4446,490,4697,M
	051711000,CAMARINES SUR,CARAMOAN,4,302,933,1,7,26,295,907,302,933,M
	051712000,CAMARINES SUR,DEL GALLEGO,12,1283,3272,3,147,809,1136,2463,1283,3272,M
	051713000,CAMARINES SUR,GAINZA,,,,,,,,,0,0,M
	051714000,CAMARINES SUR,GARCHITORENA,6,499,2229,,,,499,2229,499,2229,M
	051715000,CAMARINES SUR,GOA,1,150,767,1,18,98,132,669,150,767,M
	051716000,CAMARINES SUR,IRIGA CITY,5,741,3706,,,,741,3706,741,3706,C
	051717000,CAMARINES SUR,LAGONOY,5,771,2145,4,26,139,745,2006,771,2145,M
	051718000,CAMARINES SUR,LIBMANAN,6,1497,4634,11,70,350,1427,4284,1497,4634,M
	051719000,CAMARINES SUR,LUPI,,,,,,,,,0,0,M
	051720000,CAMARINES SUR,MAGARAO,,,,,,,,,0,0,M
	051721000,CAMARINES SUR,MILAOR,5,613,2254,3,9,36,604,2218,613,2254,M
	051722000,CAMARINES SUR,MINALABAC,2,235,730,1,12,53,223,677,235,730,M
	051723000,CAMARINES SUR,NABUA,3,185,698,2,7,31,178,667,185,698,M
	051724000,CAMARINES SUR,NAGA CITY,16,610,2831,41,610,2831,,,610,2831,C
	051725000,CAMARINES SUR,OCAMPO,21,3904,18746,22,550,2340,3354,16406,3904,18746,M
	051726000,CAMARINES SUR,PAMPLONA,1,94,470,,,,94,470,94,470,M
	051727000,CAMARINES SUR,PASACAO,10,4196,16201,9,1045,5453,3151,10748,4196,16201,M
	051728000,CAMARINES SUR,PILI,4,1252,5798,3,100,569,1152,5229,1252,5798,M
	051729000,CAMARINES SUR,PRESENTACION (PARUBCAN),12,4247,16987,,,,4247,16987,4247,16987,M
	051730000,CAMARINES SUR,RAGAY,12,1027,4249,7,44,220,983,4029,1027,4249,M
	051731000,CAMARINES SUR,SAGÑAY,4,1704,6075,2,431,1155,1273,4920,1704,6075,M
	051732000,CAMARINES SUR,SAN FERNANDO,8,614,2120,8,26,128,588,1992,614,2120,M
	051733000,CAMARINES SUR,SAN JOSE,4,1863,7296,,,,1863,7296,1863,7296,M
	051734000,CAMARINES SUR,SIPOCOT,5,794,1852,,,,794,1852,794,1852,M
	051735000,CAMARINES SUR,SIRUMA,12,1509,4540,1,2,13,1507,4527,1509,4540,M
	051736000,CAMARINES SUR,TIGAON,3,649,3155,2,6,29,643,3126,649,3155,M
	051737000,CAMARINES SUR,TINAMBAC,18,3122,15734,16,574,3364,2548,12370,3122,15734,M
	052000000,CATANDUANES,,2,315,671,0,0,0,0,0,0,0,P
	052001000,CATANDUANES,BAGAMANOC,,,,,,,,,0,0,M
	052002000,CATANDUANES,BARAS,,,,,,,,,0,0,M
	052003000,CATANDUANES,BATO,,,,,,,,,0,0,M
	052004000,CATANDUANES,CARAMORAN,1,3,9,,,,,,0,0,M
	052005000,CATANDUANES,GIGMOTO,1,312,662,,,,,,0,0,M
	052006000,CATANDUANES,PANDAN,,,,,,,,,0,0,M
	052007000,CATANDUANES,PANGANIBAN (PAYO),,,,,,,,,0,0,M
	052008000,CATANDUANES,SAN ANDRES (CALOLBON),,,,,,,,,0,0,M
	052009000,CATANDUANES,SAN MIGUEL,,,,,,,,,0,0,M
	052010000,CATANDUANES,VIGA,,,,,,,,,0,0,M
	052011000,CATANDUANES,VIRAC ,,,,,,,,,0,0,M
	054100000,MASBATE,,29,2444,11119,20,694,3793,231,1386,925,5179,P
	054101000,MASBATE,AROROY,,,,,,,,,,,M
	054102000,MASBATE,BALENO,,,,,,,,,,,M
	054103000,MASBATE,BALUD,,,,,,,,,,,M
	054104000,MASBATE,BATUAN,,,,,,,,,,,M
	054105000,MASBATE,CATAINGAN,1,13,44,1,13,44,,,13,44,M
	054106000,MASBATE,CAWAYAN,1,84,557,1,84,557,,,84,557,M
	054107000,MASBATE,CLAVERIA,,,,,,,,,0,0,M
	054108000,MASBATE,DIMASALANG,1,97,516,4,97,516,,,97,516,M
	054109000,MASBATE,ESPERANZA,8,231,1386,,,,231,1386,231,1386,M
	054110000,MASBATE,MANDAON,,,,,,,,,0,0,M
	054111000,MASBATE,MASBATE CITY,3,1494,5840,0,0,0,,,0,0,C
	054112000,MASBATE,MILAGROS,,,,,,,,,0,0,M
	054113000,MASBATE,MOBO,1,75,500,1,75,500,,,75,500,M
	054114000,MASBATE,MONREAL,1,86,415,1,86,415,,,86,415,M
	054115000,MASBATE,PALANAS,7,154,744,3,129,644,,,129,644,M
	054116000,MASBATE,PIO V CORPUZ (LIMBUHAN),,,,,,,,,,,M
	054117000,MASBATE,PLACER,,,,,,,,,,,M
	054118000,MASBATE,SAN FERNANDO,6,210,1117,9,210,1117,,,210,1117,M
	054119000,MASBATE,SAN JACINTO,,,,,,,,,,,M
	054120000,MASBATE,SAN PASCUAL,,,,,,,,,,,M
	054121000,MASBATE,USON,,,,,,,,,,,M
	056200000,SORSOGON,,116,12635,75182,2,95,389,0,0,95,389,P
	056202000,SORSOGON,BARCELONA,,,,,,,,,,,M
	056203000,SORSOGON,BULAN,12,438,2121,,,,0,0,0,0,M
	056204000,SORSOGON,BULUSAN,,,,,,,,,0,0,M
	056205000,SORSOGON,CASIGURAN,,,,,,,,,0,0,M
	056206000,SORSOGON,CASTILLA,,,,,,,,,0,0,M
	056207000,SORSOGON,DONSOL,16,1287,8435,,,,,,0,0,M
	056208000,SORSOGON,GUBAT,,,,,,,,,0,0,M
	056209000,SORSOGON,IROSIN,6,70,394,,,,,,0,0,M
	056210000,SORSOGON,JUBAN,,,,,,,,,0,0,M
	056211000,SORSOGON,MAGALLANES,,,,,,,,,0,0,M
	056212000,SORSOGON,MATNOG,2,95,389,2,95,389,,,95,389,M
	056213000,SORSOGON,PILAR,,,,,,,,,0,0,M
	056214000,SORSOGON,PRIETO DIAZ,12,563,2430,,,,,,0,0,M
	056215000,SORSOGON,SANTA MAGDALENA,6,149,605,,,,,,0,0,M
	056216000,SORSOGON,SORSOGON CITY,62,10033,60808,,,,,,0,0,C
	060000000,REGION VI (WESTERN VISAYAS),,1460,150987,744370,467,34315,168194,22070,111432,56385,279626,R
	060400000,AKLAN,,243,25333,119106,20,1204,6096,167,732,1371,6828,P
	060401000,AKLAN,ALTAVAS,15,583,2754,,,,,,0,0,M
	060402000,AKLAN,BALETE,13,232,990,,,,,,0,0,M
	060403000,AKLAN,BANGA,30,4326,17714,,,,,,0,0,M
	060404000,AKLAN,BATAN,2,146,653,,,,,,0,0,M
	060405000,AKLAN,BURUANGA,15,3000,16395,,,,,,0,0,M
	060406000,AKLAN,IBAJAY,25,3857,18128,8,291,1311,22,94,313,1405,M
	060407000,AKLAN,KALIBO,16,1058,5423,12,913,4785,145,638,1058,5423,M
	060408000,AKLAN,LEZO,1,14,158,,,,,,0,0,M
	060409000,AKLAN,LIBACAO,24,4119,19176,,,,,,0,0,M
	060410000,AKLAN,MADALAG,25,3395,16975,,,,,,0,0,M
	060411000,AKLAN,MAKATO,,,,,,,,,0,0,M
	060412000,AKLAN,MALAY,23,2166,9456,,,,,,0,0,M
	060413000,AKLAN,MALINAO,4,187,935,,,,,,0,0,M
	060414000,AKLAN,NABAS,10,671,3355,,,,,,0,0,M
	060415000,AKLAN,NEW WASHINGTON,14,685,2642,,,,,,0,0,M
	060416000,AKLAN,NUMANCIA,17,305,1443,,,,,,0,0,M
	060417000,AKLAN,TANGALAN,9,589,2909,,,,,,0,0,M
	060600000,ANTIQUE,,223,17086,87239,61,2052,10211,4918,25775,6970,35986,P
	060601000,ANTIQUE,ANINI-Y,13,464,2156,3,97,611,367,1545,464,2156,M
	060602000,ANTIQUE,BARBAZA,39,3765,25718,,,,,,0,0,M
	060603000,ANTIQUE,BELISON,11,375,1747,5,23,79,327,1459,350,1538,M
	060604000,ANTIQUE,BUGASONG,8,851,4834,4,237,1150,614,3684,851,4834,M
	060605000,ANTIQUE,CALUYA,2,2142,12802,9,366,2146,1776,10656,2142,12802,M
	060606000,ANTIQUE,CULASI,1,7,35,1,7,35,,,7,35,M
	060608000,ANTIQUE,HAMTIC,2,14,84,2,14,70,,,14,70,M
	060609000,ANTIQUE,LAUA-AN,19,832,3478,4,85,376,97,376,182,752,M
	060610000,ANTIQUE,LIBERTAD,1,85,425,,,,85,425,85,425,M
	060611000,ANTIQUE,PANDAN,5,96,397,4,92,373,4,24,96,397,M
	060612000,ANTIQUE,PATNONGON,2,399,1630,2,34,170,331,1455,365,1625,M
	060613000,ANTIQUE,SAN JOSE,14,1586,6207,9,639,3180,,,639,3180,M
	060614000,ANTIQUE,SAN REMIGIO,15,3878,18227,1,18,90,143,715,161,805,M
	060615000,ANTIQUE,SEBASTE,7,108,648,7,108,648,,,108,648,M
	060616000,ANTIQUE,SIBALOM,32,1006,2942,4,62,310,,,62,310,M
	060617000,ANTIQUE,TIBIAO,22,358,964,,,,358,964,358,964,M
	060607000,ANTIQUE,TOBIAS FORNIER (DAO),29,924,3769,6,270,973,620,2696,890,3669,M
	060618000,ANTIQUE,VALDERRAMA,1,196,1176,,,,196,1776,196,1776,M
	061900000,CAPIZ,,17,2488,11786,32,2483,11763,0,0,2483,11763,P
	061901000,CAPIZ,CUARTERO,1,39,123,1,39,123,,,39,123,M
	061902000,CAPIZ,DAO,1,17,85,1,17,85,,,17,85,M
	061903000,CAPIZ,DUMALAG,,,,,,,,,0,0,M
	061904000,CAPIZ,DUMARAO,,,,,,,,,0,0,M
	061905000,CAPIZ,IVISAN,1,118,590,1,118,590,,,118,590,M
	061906000,CAPIZ,JAMINDAN,,,,,,,,,0,0,M
	061907000,CAPIZ,MA-AYON,,,,,,,,,0,0,M
	061908000,CAPIZ,MAMBUSAO,1,25,92,,,,,,0,0,M
	061909000,CAPIZ,PANAY,4,184,733,4,184,733,,,184,733,M
	061910000,CAPIZ,PANITAN,,,,,,,,,0,0,M
	061911000,CAPIZ,PILAR,4,586,2896,8,586,2896,,,586,2896,M
	061912000,CAPIZ,PONTEVEDRA,1,255,1281,2,285,1281,,,285,1281,M
	061913000,CAPIZ,PRESIDENT ROXAS,1,134,508,3,134,508,,,134,508,M
	061914000,CAPIZ,ROXAS CITY,1,1050,5106,10,1050,5197,,,1050,5197,C
	061915000,CAPIZ,SAPI-AN,1,10,22,,,,,,0,0,M
	061916000,CAPIZ,SIGMA,1,70,350,2,70,350,,,70,350,M
	061917000,CAPIZ,TAPAZ,,,,,,,,,0,0,M
	067900000,GUIMARAS,,7,142,659,3,142,659,0,0,142,659,P
	067901000,GUIMARAS,BUENAVISTA,5,116,578,2,116,578,,,116,578,M
	067902000,GUIMARAS,JORDAN,,,,,,,,,0,0,M
	067903000,GUIMARAS,NUEVA VALENCIA,2,26,81,1,26,81,,,26,81,M
	067904000,GUIMARAS,SAN LORENZO,,,,,,,,,0,0,M
	067905000,GUIMARAS,SIBUNAG,,,,,,,,,0,0,M
	063000000,ILOILO,,772,85343,423151,184,13940,69052,16985,84925,30925,153977,P
	063001000,ILOILO,AJUY,27,572,2590,2,446,1960,126,630,572,2590,M
	063002000,ILOILO,ALIMODIAN,19,645,4312,2,307,1907,,,307,1907,M
	063003000,ILOILO,ANILAO,21,4518,22819,,,,,,0,0,M
	063004000,ILOILO,BADIANGAN,1,3,17,1,3,17,,,3,17,M
	063005000,ILOILO,BALASAN,,,,,,,,,0,0,M
	063006000,ILOILO,BANATE,2,5264,26320,,,,,,0,0,M
	063007000,ILOILO,BAROTAC NUEVO,33,19990,99510,4,148,740,,,148,740,M
	063008000,ILOILO,BAROTAC VIEJO,26,339,1695,1,129,645,,,129,645,M
	063009000,ILOILO,BATAD,,,,,,,,,0,0,M
	063010000,ILOILO,BINGAWAN,,,,,,,,,0,0,M
	063012000,ILOILO,CABATUAN,9,108,458,,,,,,0,0,M
	063013000,ILOILO,CALINOG,7,123,578,3,109,552,,,109,552,M
	063014000,ILOILO,CARLES,34,1865,9325,1,400,2000,800,4000,1200,6000,M
	063015000,ILOILO,CONCEPCION,23,1154,9212,6,830,4330,272,1360,1102,5690,M
	063016000,ILOILO,DINGLE,,,,,,,,,0,0,M
	063017000,ILOILO,DUEÑAS,7,394,1968,6,86,1833,19,95,105,1928,M
	063018000,ILOILO,DUMANGAS,51,2707,10961,28,1526,5415,,,1526,5415,M
	063019000,ILOILO,ESTANCIA,1,85,400,1,85,400,,,85,400,M
	063020000,ILOILO,GUIMBAL,13,589,1352,1,252,1260,,,252,1260,M
	063021000,ILOILO,IGBARAS,1,30,119,,,,,,0,0,M
	063022000,ILOILO,ILOILO CITY,83,5142,25710,9,239,1195,,,239,1195,C
	063023000,ILOILO,JANIUAY,35,3443,17474,43,2926,14701,,,2926,14701,M
	063025000,ILOILO,LAMBUNAO,65,6155,30775,2,82,410,,,82,410,M
	063026000,ILOILO,LEGANES,2,411,2055,1,106,530,,,106,530,M
	063027000,ILOILO,LEMERY,,,,,,,,,0,0,M
	063028000,ILOILO,LEON,1,1,4,,,,,,0,0,M
	063029000,ILOILO,MAASIN,1,316,1016,,,,,,0,0,M
	063030000,ILOILO,MIAGAO,26,1308,5608,18,918,4613,,,918,4613,M
	063031000,ILOILO,MINA,9,429,4113,,,,,,0,0,M
	063032000,ILOILO,NEW LUCENA,2,42,210,2,42,210,,,42,210,M
	063034000,ILOILO,OTON,23,942,3654,,,,,,0,0,M
	063035000,ILOILO,PASSI CITY,29,1312,6560,15,750,3750,,,750,3750,C
	063036000,ILOILO,PAVIA,21,1678,8069,16,864,4320,,,864,4320,M
	063037000,ILOILO,POTOTAN,50,16200,81000,,,,15768,78840,15768,78840,M
	063038000,ILOILO,SAN DIONISIO,4,5,35,2,5,25,,,5,25,M
	063039000,ILOILO,SAN ENRIQUE,28,3425,16335,15,2264,11320,,,2264,11320,M
	063040000,ILOILO,SAN JOAQUIN,64,1342,5989,1,521,2189,,,521,2189,M
	063041000,ILOILO,SAN MIGUEL,,,,,,,,,0,0,M
	063042000,ILOILO,SAN RAFAEL,9,2322,11610,1,29,145,,,29,145,M
	063043000,ILOILO,SANTA BARBARA,12,745,2603,1,220,1320,,,220,1320,M
	063044000,ILOILO,SARA,,,,,,,,,0,0,M
	063045000,ILOILO,TIGBAUAN,9,927,4635,,,,,,0,0,M
	063046000,ILOILO,TUBUNGAN,16,159,795,,,,,,0,0,M
	063047000,ILOILO,ZARRAGA,8,653,3265,2,653,3265,,,653,3265,M
	064500000,NEGROS OCCIDENTAL,,198,20595,102429,167,14494,70413,0,0,14494,70413,P
	064501000,NEGROS OCCIDENTAL,BACOLOD,,,,,,,,,,,C
	064502000,NEGROS OCCIDENTAL,BAGO CITY,2,509,2545,4,509,2545,,,509,2545,C
	064503000,NEGROS OCCIDENTAL,BINALBAGAN,9,406,2030,10,406,2030,,,406,2030,M
	064504000,NEGROS OCCIDENTAL,CADIZ CITY,12,565,2825,12,565,2825,,,565,2825,C
	064505000,NEGROS OCCIDENTAL,CALATRAVA,13,876,6310,25,490,876,,,490,876,M
	064506000,NEGROS OCCIDENTAL,CANDONI,,,,,,,,,0,0,M
	064507000,NEGROS OCCIDENTAL,CAUAYAN,1,381,2286,,,,,,0,0,M
	064508000,NEGROS OCCIDENTAL,ENRIQUE B. MAGALONA (SARAVIA),13,191,1306,3,124,444,,,124,444,M
	064509000,NEGROS OCCIDENTAL,ESCALANTE CITY,6,254,1001,6,254,1001,,,254,1001,C
	064510000,NEGROS OCCIDENTAL,HIMAMAYLAN CITY,10,586,2930,10,586,2930,,,586,2930,C
	064511000,NEGROS OCCIDENTAL,HINIGARAN,16,275,1375,1,24,120,,,24,120,M
	064512000,NEGROS OCCIDENTAL,HINOBA-AN (ASIA),1,11,55,1,11,55,,,11,55,M
	064513000,NEGROS OCCIDENTAL,ILOG,6,313,1565,4,121,805,,,121,805,M
	064514000,NEGROS OCCIDENTAL,ISABELA,6,775,3767,1,285,1368,,,285,1368,M
	064515000,NEGROS OCCIDENTAL,KABANKALAN CITY,16,1223,6115,11,1223,6115,,,1223,6115,C
	064516000,NEGROS OCCIDENTAL,LA CARLOTA CITY,1,31,184,,,,,,0,0,C
	064517000,NEGROS OCCIDENTAL,LA CASTELLANA,1,26,130,,,,,,0,0,M
	064518000,NEGROS OCCIDENTAL,MANAPLA,,,,,,,,,0,0,M
	064519000,NEGROS OCCIDENTAL,MOISES PADILLA (MAGALLON),2,63,103,1,11,55,,,11,55,M
	064520000,NEGROS OCCIDENTAL,MURCIA,,,,,,,,,0,0,M
	064521000,NEGROS OCCIDENTAL,PONTEVEDRA,5,82,402,3,82,402,,,82,402,M
	064522000,NEGROS OCCIDENTAL,PULUPANDAN,1,14,70,1,14,70,,,14,70,M
	064523000,NEGROS OCCIDENTAL,SAGAY CITY,4,330,1650,3,330,1650,,,330,1650,C
	064532000,NEGROS OCCIDENTAL,SALVADOR BENEDICTO,1,1,5,1,1,5,,,1,5,M
	064524000,NEGROS OCCIDENTAL,SAN CARLOS CITY,17,2844,11503,,,,,,0,0,C
	064525000,NEGROS OCCIDENTAL,SAN ENRIQUE,,,,,,,,,0,0,M
	064526000,NEGROS OCCIDENTAL,SILAY CITY,9,211,882,9,211,882,,,211,882,C
	064527000,NEGROS OCCIDENTAL,SIPALAY CITY,9,321,1921,9,321,1605,,,321,1605,C
	064528000,NEGROS OCCIDENTAL,TALISAY CITY,19,1436,7180,9,1436,7180,,,1436,7180,C
	064529000,NEGROS OCCIDENTAL,TOBOSO,1,1293,6465,21,1293,6465,,,1293,6465,M
	064530000,NEGROS OCCIDENTAL,VALLADOLID,4,80,400,6,80,400,,,80,400,M
	064531000,NEGROS OCCIDENTAL,VICTORIAS CITY,13,7498,37424,16,6117,30585,,,6117,30585,C
	071000000,REGION VII (CENTRAL VISAYAS),,424,989109,4459533,314,19080,88176,897,4331,19977,92507,R
	071200000,BOHOL,,192,173405,832335,94,6568,31008,897,4331,7465,35339,P
	071201000,BOHOL,ALBURQUERQUE,,,,,,,,,0,0,M
	071202000,BOHOL,ALICIA,9,4643,22285,7,570,2735,,,570,2735,M
	071203000,BOHOL,ANDA,3,3523,16909,0,0,0,,,0,0,M
	071204000,BOHOL,ANTEQUERA,1,3017,14481,1,23,100,,,23,100,M
	071205000,BOHOL,BACLAYON,,,,,,,,,0,0,M
	071206000,BOHOL,BALILIHAN,,,,,,,,,0,0,M
	071207000,BOHOL,BATUAN,,,,,,,,,0,0,M
	071248000,BOHOL,BIEN UNIDO,,,,,,,,,0,0,M
	071208000,BOHOL,BILAR,8,3562,17098,0,0,0,139,760,139,760,M
	071209000,BOHOL,BUENAVISTA,3,5631,27031,4,49,247,,,49,247,M
	071210000,BOHOL,CALAPE,15,6280,30146,1,22,105,13,53,35,158,M
	071211000,BOHOL,CANDIJAY,11,6051,29043,21,563,2651,167,824,730,3475,M
	071212000,BOHOL,CARMEN,8,9079,43579,1,75,345,,,75,345,M
	071213000,BOHOL,CATIGBIAN,5,4726,22686,0,0,0,,,0,0,M
	071214000,BOHOL,CLARIN,3,4228,20296,8,315,1513,256,1147,571,2660,M
	071215000,BOHOL,CORELLA,,,,,,,,,0,0,M
	071216000,BOHOL,CORTES,,,,,,,,,0,0,M
	071217000,BOHOL,DAGOHOY,,,,,,,,,0,0,M
	071218000,BOHOL,DANAO,,,,,,,,,0,0,M
	071219000,BOHOL,DAUIS,,,,,,,,,0,0,M
	071220000,BOHOL,DIMIAO,,,,,,,,,0,0,M
	071221000,BOHOL,DUERO,,,,,,,,,0,0,M
	071222000,BOHOL,GARCIA HERNANDEZ,,,,,,,,,0,0,M
	071223000,BOHOL,GUINDULMAN,1,6623,31789,,,,,,0,0,M
	071224000,BOHOL,INABANGA,19,9019,43291,0,0,0,,,0,0,M
	071225000,BOHOL,JAGNA,8,6785,32566,8,356,1709,,,356,1709,M
	071226000,BOHOL,JETAFE,,,,,,,,,0,0,M
	071227000,BOHOL,LILA,0,0,0,,,,,,0,0,M
	071228000,BOHOL,LOAY,23,3388,16261,0,0,0,,,0,0,M
	071229000,BOHOL,LOBOC,6,3398,16312,0,0,0,,,0,0,M
	071230000,BOHOL,LOON,2,8917,42800,2,123,528,,,123,528,M
	071231000,BOHOL,MABINI,4,5870,28174,4,258,1238,,,258,1238,M
	071232000,BOHOL,MARIBOJOC,1,4269,20491,0,0,0,,,0,0,M
	071233000,BOHOL,PANGLAO,,,,,,,,,0,0,M
	071234000,BOHOL,PILAR,,,,,,,,,0,0,M
	071235000,BOHOL,PRES. CARLOS P. GARCIA (PITOGO),1,4851,23287,0,0,0,,,0,0,M
	071236000,BOHOL,SAGBAYAN (BORJA),1,4186,20091,0,0,0,,,0,0,M
	071237000,BOHOL,SAN ISIDRO,1,1901,9125,0,0,0,,,0,0,M
	071238000,BOHOL,SAN MIGUEL,7,4911,23574,0,0,0,,,0,0,M
	071239000,BOHOL,SEVILLA,6,2176,10443,6,89,454,9,44,98,498,M
	071240000,BOHOL,SIERRA BULLONES,,,,,,,,,0,0,M
	071241000,BOHOL,SIKATUNA,,,,,,,,,0,0,M
	071242000,BOHOL,TAGBILARAN CITY,5,20165,96792,0,0,0,,,0,0,C
	071243000,BOHOL,TALIBON,,,,,,,,,0,0,M
	071244000,BOHOL,TRINIDAD,18,6006,28828,28,3652,17113,,,3652,17113,M
	071245000,BOHOL,TUBIGON,12,9355,44902,0,0,0,313,1503,313,1503,M
	071246000,BOHOL,UBAY,4,14287,68578,3,473,2270,,,473,2270,M
	071247000,BOHOL,VALENCIA,7,6558,31477,0,0,0,,,0,0,M
	072200000,CEBU,,132,608546,2694993,97,8107,37365,0,0,8107,37365,P
	072201000,CEBU,ALCANTARA,,,,,,,,,0,0,M
	072202000,CEBU,ALCOY,,,,,,,,,0,0,M
	072203000,CEBU,ALEGRIA,,,,,,,,,0,0,M
	072204000,CEBU,ALOGUINSAN,,,,,,,,,0,0,M
	072205000,CEBU,ARGAO,,,,,,,,,0,0,M
	072206000,CEBU,ASTURIAS,,,,,,,,,0,0,M
	072207000,CEBU,BADIAN,,,,,,,,,0,0,M
	072208000,CEBU,BALAMBAN,8,15486,71237,0,0,0,,,0,0,M
	072209000,CEBU,BANTAYAN,,,,,,,,,0,0,M
	072210000,CEBU,BARILI,,,,,,,,,0,0,M
	072211000,CEBU,BOGO CITY,1,15198,69911,1,616,3080,,,616,3080,C
	072212000,CEBU,BOLJOON,,,,,,,,,0,0,M
	072213000,CEBU,BORBON,,,,,,,,,0,0,M
	072214000,CEBU,CARCAR,,,,,,,,,0,0,M
	072215000,CEBU,CARMEN,5,9706,44648,5,478,2153,,,478,2153,M
	072216000,CEBU,CATMON,,,,,,,,,0,0,M
	072217000,CEBU,CEBU CITY,11,196857,866171,0,0,0,,,0,0,C
	072218000,CEBU,COMPOSTELA,1,9676,42574,1,360,1593,,,360,1593,M
	072219000,CEBU,CONSOLACION,1,23185,106649,1,179,823,,,179,823,M
	072220000,CEBU,CORDOBA,1,10946,50353,0,0,0,,,0,0,M
	072221000,CEBU,DAANBANTAYAN,,,,,,,,,0,0,M
	072222000,CEBU,DALAGUETE,,,,,,,,,0,0,M
	072223000,CEBU,DANAO,,,,,,,,,0,0,C
	072224000,CEBU,DUMANJUG,,,,,,,,,0,0,M
	072225000,CEBU,GINATILAN,6,3332,15327,6,110,506,,,110,506,M
	072226000,CEBU,LAPU-LAPU CITY (OPON),27,81504,350467,12,2346,10734,,,2346,10734,C
	072227000,CEBU,LILOAN,9,23372,100500,17,432,1987,,,432,1987,M
	072228000,CEBU,MADRIDEJOS,,,,,,,,,0,0,M
	072229000,CEBU,MALABUYOC,,,,,,,,,0,0,M
	072230000,CEBU,MANDAUE CITY,23,78886,331320,25,1724,7609,,,1724,7609,C
	072231000,CEBU,MEDELLIN,,,,,,,,,0,0,M
	072232000,CEBU,MINGLANILLA,,,,,,,,,0,0,M
	072233000,CEBU,MOALBOAL,,,,,,,,,0,0,M
	072234000,CEBU,NAGA CITY,3,22081,101571,6,246,1142,,,246,1142,C
	072235000,CEBU,OSLOB,,,,,,,,,0,0,M
	072236000,CEBU,PILAR,,,,,,,,,0,0,M
	072237000,CEBU,PINAMUNGAHAN,,,,,,,,,0,0,M
	072238000,CEBU,PORO,,,,,,,,,0,0,M
	072239000,CEBU,RONDA,,,,,,,,,0,0,M
	072240000,CEBU,SAMBOAN,,,,,,,,,0,0,M
	072241000,CEBU,SAN FERNANDO,,,,,,,,,0,0,M
	072242000,CEBU,SAN FRANCISCO,,,,,,,,,0,0,M
	072243000,CEBU,SAN REMIGIO,,,,,,,,,0,0,M
	072244000,CEBU,SANTA FE,2,5928,27270,2,200,1000,,,200,1000,M
	072245000,CEBU,SANTANDER,3,3501,16105,3,37,174,,,37,174,M
	072246000,CEBU,SIBONGA,1,9487,43641,1,342,1710,,,342,1710,M
	072247000,CEBU,SOGOD,8,6658,30626,11,640,2944,,,640,2944,M
	072248000,CEBU,TABOGON,,,,,,,,,0,0,M
	072249000,CEBU,TABUELAN,,,,,,,,,0,0,M
	072250000,CEBU,TALISAY CITY,7,43646,200772,0,0,0,,,0,0,C
	072251000,CEBU,TOLEDO CITY,1,34147,157078,1,187,860,,,187,860,C
	072252000,CEBU,TUBURAN,3,12807,58914,5,210,1050,,,210,1050,M
	072253000,CEBU,TUDELA,11,2143,9859,,,,,,0,0,M
	074600000,NEGROS ORIENTAL,,100,207158,932205,123,4405,19803,0,0,4405,19803,P
	074601000,NEGROS ORIENTAL,AMLAN (AYUQUITAN),5,4935,22206,8,329,1482,,,329,1482,M
	074602000,NEGROS ORIENTAL,AYUNGON,4,10255,46146,7,181,816,,,181,816,M
	074603000,NEGROS ORIENTAL,BACONG,,,,,,,,,0,0,M
	074604000,NEGROS ORIENTAL,BAIS CITY,8,5536,24913,8,507,2564,,,507,2564,C
	074605000,NEGROS ORIENTAL,BASAY,,,,,,,,,0,0,M
	074606000,NEGROS ORIENTAL,BAYAWAN CITY (TULONG),7,25350,114074,10,345,1608,,,345,1608,C
	074607000,NEGROS ORIENTAL,BINDOY (PAYABON),4,8759,39416,0,0,0,,,0,0,M
	074608000,NEGROS ORIENTAL,CANLAON CITY,,,,,,,,,0,0,C
	074609000,NEGROS ORIENTAL,DAUIN,,,,,,,,,0,0,M
	074610000,NEGROS ORIENTAL,DUMAGUETE CITY,22,26863,120883,34,1266,5546,,,1266,5546,C
	074611000,NEGROS ORIENTAL,GUIHULNGAN CITY,3,20817,93675,0,0,0,,,0,0,C
	074612000,NEGROS ORIENTAL,JIMALALUD,5,6454,29044,9,337,1514,,,337,1514,M
	074613000,NEGROS ORIENTAL,LA LIBERTAD,3,8645,38904,6,176,791,,,176,791,M
	074614000,NEGROS ORIENTAL,MABINAY,5,16486,74187,6,67,401,,,67,401,M
	074615000,NEGROS ORIENTAL,MANJUYOD,8,9135,41107,9,256,1150,,,256,1150,M
	074616000,NEGROS ORIENTAL,PAMPLONA,5,7757,34906,5,150,675,,,150,675,M
	074617000,NEGROS ORIENTAL,SAN JOSE,1,4244,19098,2,250,750,,,250,750,M
	074618000,NEGROS ORIENTAL,SANTA CATALINA,,,,,,,,,0,0,M
	074619000,NEGROS ORIENTAL,SIATON,,,,,,,,,0,0,M
	074620000,NEGROS ORIENTAL,SIBULAN,4,11449,51519,5,103,394,,,103,394,M
	074621000,NEGROS ORIENTAL,TANJAY CITY,3,17577,79098,3,157,785,,,157,785,C
	074622000,NEGROS ORIENTAL,TAYASAN,4,7691,34609,4,66,297,,,66,297,M
	074623000,NEGROS ORIENTAL,VALENCIA (LUZURRIAGA),7,6995,31477,7,215,1030,,,215,1030,M
	074624000,NEGROS ORIENTAL,VALLEHERMOSO,2,8210,36943,0,0,0,,,0,0,M
	074625000,NEGROS ORIENTAL,ZAMBOANGUITA,,,,,,,,,0,0,M
	076100000,SIQUIJOR,,0,0,0,0,0,0,0,0,0,0,P
	076101000,SIQUIJOR,ENRIQUE VILLANUEVA,,,,,,,,,,,M
	076102000,SIQUIJOR,LARENA,,,,,,,,,,,M
	076103000,SIQUIJOR,LAZI,,,,,,,,,,,M
	076104000,SIQUIJOR,MARIA,,,,,,,,,,,M
	076105000,SIQUIJOR,SAN JUAN,,,,,,,,,,,M
	076106000,SIQUIJOR,SIQUIJOR,,,,,,,,,,,M
	0878000000,REGION VIII (EASTERN VISAYAS),,4387,872620,4101322,222,17343,83972,0,0,17343,83972,R
	087800000,BILIRAN,,132,34418,161760,28,577,2859,0,0,577,2859,P
	087801000,BILIRAN,ALMERIA,13,3510,16495,,,,,,0,0,M
	087802000,BILIRAN,BILIRAN,11,3443,16183,5,134,670,,,134,670,M
	087803000,BILIRAN,CABUCGAYAN,13,4175,19621,2,44,220,,,44,220,M
	087804000,BILIRAN,CAIBIRAN,17,4569,21473,1,130,650,,,130,650,M
	087805000,BILIRAN,CULABA,17,2607,12252,1,48,240,,,48,240,M
	087806000,BILIRAN,KAWAYAN,20,4306,20238,1,28,129,,,28,129,M
	087807000,BILIRAN,MARIPIPI,15,1425,6699,17,64,410,,,64,410,M
	087808000,BILIRAN,NAVAL,26,10383,48799,1,129,540,,,129,540,M
	082600000,EASTERN SAMAR,,597,91252,428877,20,1222,6190,0,0,1222,6190,P
	082601000,EASTERN SAMAR,ARTECHE,20,3226,15164,,,,,,0,0,M
	082602000,EASTERN SAMAR,BALANGIGA,13,2714,12756,,,,,,0,0,M
	082603000,EASTERN SAMAR,BALANGKAYAN,15,1925,9046,,,,,,0,0,M
	082604000,EASTERN SAMAR,BORONGAN CITY,61,13714,64457,1,19,95,,,19,95,C
	082605000,EASTERN SAMAR,CAN-AVID,28,4210,19785,,,,,,0,0,M
	082606000,EASTERN SAMAR,DOLORES,46,8066,37912,,,,,,0,0,M
	082607000,EASTERN SAMAR,GENERAL MACARTHUR,30,2599,12214,,,,,,0,0,M
	082608000,EASTERN SAMAR,GIPORLOS,18,2562,12040,,,,,,0,0,M
	082609000,EASTERN SAMAR,GUIUAN,60,10008,47037,4,252,1260,,,252,1260,M
	082610000,EASTERN SAMAR,HERNANI,13,1717,8070,,,,,,0,0,M
	082611000,EASTERN SAMAR,JIPAPAD,13,1574,7397,,,,,,0,0,M
	082612000,EASTERN SAMAR,LAWAAN,16,2471,11612,,,,,,0,0,M
	082613000,EASTERN SAMAR,LLORENTE,33,4064,19101,,,,,,0,0,M
	082614000,EASTERN SAMAR,MASLOG,12,1017,4781,,,,,,0,0,M
	082615000,EASTERN SAMAR,MAYDOLONG,20,2897,13614,1,419,2095,,,419,2095,M
	082616000,EASTERN SAMAR,MERCEDES,16,1142,5369,,,,,,0,0,M
	082617000,EASTERN SAMAR,ORAS,42,7396,34760,5,225,1125,,,225,1125,M
	082618000,EASTERN SAMAR,QUINAPONDAN,25,2945,13841,1,50,250,,,50,250,M
	082619000,EASTERN SAMAR,SALCEDO,41,4249,19970,7,177,885,,,177,885,M
	082620000,EASTERN SAMAR,SAN JULIAN,16,2925,13748,,,,,,0,0,M
	082621000,EASTERN SAMAR,SAN POLICARPO,17,2944,13836,,,,,,0,0,M
	082622000,EASTERN SAMAR,SULAT,18,3231,15184,,,,,,0,0,M
	082623000,EASTERN SAMAR,TAFT,24,3656,17183,1,80,480,,,80,480,M
	083700000,LEYTE,,1638,380669,1789158,15,6548,32942,0,0,6548,32942,P
	083701000,LEYTE,ABUYOG,64,12159,57146,,,,,,0,0,M
	083702000,LEYTE,ALANGALANG,54,9875,46411,,,,,,0,0,M
	083703000,LEYTE,ALBUERA,16,8628,40553,1,292,1462,,,292,1462,M
	083705000,LEYTE,BABATNGON,25,5441,25575,1,121,559,,,121,559,M
	083706000,LEYTE,BARUGO,37,6403,30092,1,248,1240,,,248,1240,M
	083707000,LEYTE,BATO,32,7577,35610,1,696,3483,,,696,3483,M
	083708000,LEYTE,BAYBAY CITY,92,21881,102841,,,,,,0,0,C
	083710000,LEYTE,BURAUEN,77,10394,48853,,,,,,0,0,M
	083713000,LEYTE,CALUBIAN,53,6302,29619,,,,,,0,0,M
	083714000,LEYTE,CAPOOCAN,21,6348,29834,,,,,,0,0,M
	083715000,LEYTE,CARIGARA,49,10094,47444,1,305,1558,,,305,1558,M
	083717000,LEYTE,DAGAMI,60,6700,31490,,,,,,0,0,M
	083718000,LEYTE,DULAG,45,8884,41757,,,,,,0,0,M
	083719000,LEYTE,HILONGOS,51,12086,56803,,,,,,0,0,M
	083720000,LEYTE,HINDANG,20,4293,20179,,,,,,0,0,M
	083721000,LEYTE,INOPACAN,20,4235,19904,,,,,,0,0,M
	083722000,LEYTE,ISABEL,25,9275,43593,,,,,,0,0,M
	083723000,LEYTE,JARO,46,8421,39577,1,98,473,,,98,473,M
	083724000,LEYTE,JAVIER (BUGHO),28,5080,23878,,,,,,0,0,M
	083725000,LEYTE,JULITA,26,2831,13307,1,114,661,,,114,661,M
	083726000,LEYTE,KANANGA,23,10219,48027,,,,,,0,0,M
	083728000,LEYTE,LA PAZ,35,4071,19133,1,34,170,,,34,170,M
	083729000,LEYTE,LEYTE,30,7980,37505,,,,,,0,0,M
	083730000,LEYTE,MACARTHUR,31,3984,18724,,,,,,0,0,M
	083731000,LEYTE,MAHAPLAG,28,5659,26599,,,,,,0,0,M
	083733000,LEYTE,MATAG-OB,21,3636,17089,1,25,125,,,25,125,M
	083734000,LEYTE,MATALOM,30,6616,31097,,,,,,0,0,M
	083735000,LEYTE,MAYORGA,16,3126,14694,1,344,1895,,,344,1895,M
	083736000,LEYTE,MERIDA,22,5792,27224,,,,,,0,0,M
	083738000,LEYTE,ORMOC CITY,110,40681,191200,,,,,,0,0,C
	083739000,LEYTE,PALO,33,13346,62727,1,472,2310,,,472,2310,M
	083740000,LEYTE,PALOMPON,50,11524,54163,,,,,,0,0,M
	083741000,LEYTE,PASTRANA,29,3542,16649,1,81,414,,,81,414,M
	083742000,LEYTE,SAN ISIDRO,19,6075,28554,,,,,,0,0,M
	083743000,LEYTE,SAN MIGUEL,21,3736,17561,,,,,,0,0,M
	083744000,LEYTE,SANTA FE,20,3708,17427,,,,,,0,0,M
	083745000,LEYTE,TABANGO,13,6794,31932,1,500,2500,,,500,2500,M
	083746000,LEYTE,TABONTABON,16,2093,9838,,,,,,0,0,M
	083747000,LEYTE,TACLOBAN CITY,138,47058,221174,2,3218,16092,,,3218,16092,C
	083748000,LEYTE,TANAUAN,54,10664,50119,,,,,,0,0,M
	083749000,LEYTE,TOLOSA,15,3813,17921,,,,,,0,0,M
	083750000,LEYTE,TUNGA,8,1386,6516,,,,,,0,0,M
	083751000,LEYTE,VILLABA,35,8259,38819,,,,,,0,0,M
	084800000,NORTHERN SAMAR,,568,125322,589013,28,1277,6441,0,0,1277,6441,P
	084801000,NORTHERN SAMAR,ALLEN,20,5051,23738,,,,,,0,0,M
	084802000,NORTHERN SAMAR,BIRI,8,2338,10987,1,13,65,,,13,65,M
	084803000,NORTHERN SAMAR,BOBON,17,4459,20956,6,208,1114,,,208,1114,M
	084804000,NORTHERN SAMAR,CAPUL,12,2693,12659,,,,,,0,0,M
	084805000,NORTHERN SAMAR,CATARMAN,55,18050,84833,1,20,100,,,20,100,M
	084806000,NORTHERN SAMAR,CATUBIG,47,6750,31723,1,5,24,,,5,24,M
	084807000,NORTHERN SAMAR,GAMAY,26,4771,22425,1,77,368,,,77,368,M
	084808000,NORTHERN SAMAR,LAOANG,56,12348,58037,1,114,570,,,114,570,M
	084809000,NORTHERN SAMAR,LAPINIG,15,2499,11744,,,,,,0,0,M
	084810000,NORTHERN SAMAR,LAS NAVAS,53,7774,36539,,,,,,0,0,M
	084811000,NORTHERN SAMAR,LAVEZARES,26,5843,27464,4,100,500,,,100,500,M
	084824000,NORTHERN SAMAR,LOPE DE VEGA,22,2881,13542,,,,,,0,0,M
	084812000,NORTHERN SAMAR,MAPANAS,13,2643,12423,,,,,,0,0,M
	084813000,NORTHERN SAMAR,MONDRAGON,24,7514,35318,,,,,,0,0,M
	084814000,NORTHERN SAMAR,PALAPAG,32,7118,33453,,,,,,0,0,M
	084815000,NORTHERN SAMAR,PAMBUJAN,26,6608,31057,1,100,500,,,100,500,M
	084816000,NORTHERN SAMAR,ROSARIO,11,2173,10214,,,,,,0,0,M
	084817000,NORTHERN SAMAR,SAN ANTONIO,10,1889,8877,7,530,2650,,,530,2650,M
	084818000,NORTHERN SAMAR,SAN ISIDRO,14,5309,24952,,,,,,0,0,M
	084819000,NORTHERN SAMAR,SAN JOSE,16,3421,16079,,,,,,0,0,M
	084820000,NORTHERN SAMAR,SAN ROQUE,16,5601,26323,,,,,,0,0,M
	084821000,NORTHERN SAMAR,SAN VICENTE,7,1584,7447,1,50,250,,,50,250,M
	084822000,NORTHERN SAMAR,SILVINO LOBOS,26,3043,14303,,,,,,0,0,M
	084823000,NORTHERN SAMAR,VICTORIA,16,2962,13920,4,60,300,,,60,300,M
	086000000,SAMAR (WESTERN SAMAR),,952,156037,733377,11,2275,11379,0,0,2275,11379,P
	086001000,SAMAR (WESTERN SAMAR),ALMAGRO,23,2346,11024,,,,,,0,0,M
	086002000,SAMAR (WESTERN SAMAR),BASEY,51,10728,50423,,,,,,0,0,M
	086003000,SAMAR (WESTERN SAMAR),CALBAYOG CITY,157,36761,172778,1,510,2550,,,510,2550,C
	086004000,SAMAR (WESTERN SAMAR),CALBIGA,41,4560,21434,,,,,,0,0,M
	086005000,SAMAR (WESTERN SAMAR),CATBALOGAN CITY,57,20067,94317,,,,,,0,0,C
	086006000,SAMAR (WESTERN SAMAR),DARAM,59,8792,41322,,,,,,0,0,M
	086007000,SAMAR (WESTERN SAMAR),GANDARA,69,6796,31943,,,,,,0,0,M
	086008000,SAMAR (WESTERN SAMAR),HINABANGAN,21,2692,12651,,,,,,0,0,M
	086009000,SAMAR (WESTERN SAMAR),JIABONG,34,3633,17075,6,1617,8089,,,1617,8089,M
	086010000,SAMAR (WESTERN SAMAR),MARABUT,24,3216,15115,,,,,,0,0,M
	086011000,SAMAR (WESTERN SAMAR),MATUGUINAO,20,1435,6746,,,,,,0,0,M
	086012000,SAMAR (WESTERN SAMAR),MOTIONG,30,3155,14829,,,,,,0,0,M
	086026000,SAMAR (WESTERN SAMAR),PAGSANGHAN,13,1707,8024,,,,,,0,0,M
	086022000,SAMAR (WESTERN SAMAR),PARANAS (WRIGHT),44,6240,29327,,,,,,0,0,M
	086013000,SAMAR (WESTERN SAMAR),PINABACDAO,24,3449,16208,,,,,,0,0,M
	086025000,SAMAR (WESTERN SAMAR),SAN JORGE,41,3477,16340,,,,,,0,0,M
	086014000,SAMAR (WESTERN SAMAR),SAN JOSE DE BUAN,14,1396,6563,,,,,,0,0,M
	086015000,SAMAR (WESTERN SAMAR),SAN SEBASTIAN,14,1640,7708,,,,,,0,0,M
	086016000,SAMAR (WESTERN SAMAR),SANTA MARGARITA,36,5287,24850,,,,,,0,0,M
	086017000,SAMAR (WESTERN SAMAR),SANTA RITA,38,8103,38082,3,116,580,,,116,580,M
	086018000,SAMAR (WESTERN SAMAR),SANTO NIÑO,13,2873,13504,,,,,,0,0,M
	086024000,SAMAR (WESTERN SAMAR),TAGAPUL-AN,14,1666,7828,,,,,,0,0,M
	086019000,SAMAR (WESTERN SAMAR),TALALORA,11,1699,7983,,,,,,0,0,M
	086020000,SAMAR (WESTERN SAMAR),TARANGNAN,41,5137,24146,,,,,,0,0,M
	086021000,SAMAR (WESTERN SAMAR),VILLAREAL,38,5579,26221,1,32,160,,,32,160,M
	086023000,SAMAR (WESTERN SAMAR),ZUMARRAGA,25,3603,16936,,,,,,0,0,M
	086400000,SOUTHERN LEYTE,,500,84922,399137,120,5444,24161,0,0,5444,24161,P
	086401000,SOUTHERN LEYTE,ANAHAWAN,14,1690,7942,,,,,,,,M
	086402000,SOUTHERN LEYTE,BONTOC,40,5974,28079,3,781,3905,,,781,3905,M
	086403000,SOUTHERN LEYTE,HINUNANGAN,40,6046,28415,,,,,,0,0,M
	086404000,SOUTHERN LEYTE,HINUNDAYAN,17,2530,11890,1,134,673,,,134,673,M
	086405000,SOUTHERN LEYTE,LIBAGON,14,3054,14352,1,185,691,,,185,691,M
	086406000,SOUTHERN LEYTE,LILOAN,24,4855,22817,10,206,1030,,,206,1030,M
	086419000,SOUTHERN LEYTE,LIMASAWA,6,1241,5835,15,457,2285,,,457,2285,M
	086407000,SOUTHERN LEYTE,MAASIN CITY,70,17287,81250,,,,,,0,0,C
	086408000,SOUTHERN LEYTE,MACROHON,30,5401,25386,1,529,2645,,,529,2645,M
	086409000,SOUTHERN LEYTE,MALITBOG,37,4683,22009,22,278,1189,,,278,1189,M
	086410000,SOUTHERN LEYTE,PADRE BURGOS,11,2239,10525,,,,,,0,0,M
	086411000,SOUTHERN LEYTE,PINTUYAN,23,1970,9261,1,295,869,,,295,869,M
	086412000,SOUTHERN LEYTE,SAINT BERNARD,30,5355,25169,29,1372,5483,,,1372,5483,M
	086413000,SOUTHERN LEYTE,SAN FRANCISCO,22,2666,12528,,,,,,0,0,M
	086414000,SOUTHERN LEYTE,SAN JUAN (CABALIAN),18,2994,14073,16,270,1145,,,270,1145,M
	086415000,SOUTHERN LEYTE,SAN RICARDO,15,2144,10078,1,96,480,,,96,480,M
	086416000,SOUTHERN LEYTE,SILAGO,15,2619,12310,,,,,,0,0,M
	086417000,SOUTHERN LEYTE,SOGOD,45,8811,41411,20,841,3766,,,841,3766,M
	086418000,SOUTHERN LEYTE,TOMAS OPPUS,29,3363,15807,,,,,,0,0,M
90000000,REGION IX (ZAMBOANGA PENINSULA),,0,0,0,0,0,0,0,0,0,0,R
99701000,,CITY OF ISABELA,,,,,,,,,,,C
97201000,ZAMBOANGA DEL NORTE,,0,0,0,0,0,0,0,0,0,0,P
	097226000,ZAMBOANGA DEL NORTE,BACUNGAN (LEON T. POSTIGO),,,,,,,,,,,M
	097224000,ZAMBOANGA DEL NORTE,BALIGUIAN,,,,,,,,,,,M
	097201000,ZAMBOANGA DEL NORTE,DAPITAN CITY,,,,,,,,,,,C
	097202000,ZAMBOANGA DEL NORTE,DIPOLOG CITY,,,,,,,,,,,C
	097225000,ZAMBOANGA DEL NORTE,GODOD,,,,,,,,,,,M
	097223000,ZAMBOANGA DEL NORTE,GUTALAC,,,,,,,,,,,M
	097222000,ZAMBOANGA DEL NORTE,JOSE DALMAN (PONOT),,,,,,,,,,,M
	097227000,ZAMBOANGA DEL NORTE,KALAWIT,,,,,,,,,,,M
	097203000,ZAMBOANGA DEL NORTE,KATIPUNAN,,,,,,,,,,,M
	097204000,ZAMBOANGA DEL NORTE,LA LIBERTAD,,,,,,,,,,,M
	097205000,ZAMBOANGA DEL NORTE,LABASON,,,,,,,,,,,M
	097206000,ZAMBOANGA DEL NORTE,LILOY,,,,,,,,,,,M
	097207000,ZAMBOANGA DEL NORTE,MANUKAN,,,,,,,,,,,M
	097208000,ZAMBOANGA DEL NORTE,MUTIA,,,,,,,,,,,M
	097209000,ZAMBOANGA DEL NORTE,PIÑAN (NEW PIÑAN),,,,,,,,,,,M
	097210000,ZAMBOANGA DEL NORTE,POLANCO,,,,,,,,,,,M
	097211000,ZAMBOANGA DEL NORTE,PRES. MANUEL A. ROXAS,,,,,,,,,,,M
	097212000,ZAMBOANGA DEL NORTE,RIZAL,,,,,,,,,,,M
	097213000,ZAMBOANGA DEL NORTE,SALUG,,,,,,,,,,,M
	097214000,ZAMBOANGA DEL NORTE,SERGIO OSMEÑA SR,,,,,,,,,,,M
	097215000,ZAMBOANGA DEL NORTE,SIAYAN,,,,,,,,,,,M
	097216000,ZAMBOANGA DEL NORTE,SIBUCO,,,,,,,,,,,M
	097217000,ZAMBOANGA DEL NORTE,SIBUTAD,,,,,,,,,,,M
	097218000,ZAMBOANGA DEL NORTE,SINDANGAN,,,,,,,,,,,M
	097219000,ZAMBOANGA DEL NORTE,SIOCON,,,,,,,,,,,M
	097220000,ZAMBOANGA DEL NORTE,SIRAWAI,,,,,,,,,,,M
	097221000,ZAMBOANGA DEL NORTE,TAMPILISAN,,,,,,,,,,,M
	097300000,ZAMBOANGA DEL SUR,,0,0,0,0,0,0,0,0,0,0,P
	097302000,ZAMBOANGA DEL SUR,AURORA,,,,,,,,,,,M
	097303000,ZAMBOANGA DEL SUR,BAYOG,,,,,,,,,,,M
	097305000,ZAMBOANGA DEL SUR,DIMATALING,,,,,,,,,,,M
	097306000,ZAMBOANGA DEL SUR,DINAS,,,,,,,,,,,M
	097307000,ZAMBOANGA DEL SUR,DUMALINAO,,,,,,,,,,,M
	097308000,ZAMBOANGA DEL SUR,DUMINGAG,,,,,,,,,,,M
	097343000,ZAMBOANGA DEL SUR,GUIPOS,,,,,,,,,,,M
	097337000,ZAMBOANGA DEL SUR,JOSEFINA,,,,,,,,,,,M
	097311000,ZAMBOANGA DEL SUR,KUMALARANG,,,,,,,,,,,M
	097312000,ZAMBOANGA DEL SUR,LABANGAN,,,,,,,,,,,M
	097333000,ZAMBOANGA DEL SUR,LAKEWOOD,,,,,,,,,,,M
	097313000,ZAMBOANGA DEL SUR,LAPUYAN,,,,,,,,,,,M
	097315000,ZAMBOANGA DEL SUR,MAHAYAG,,,,,,,,,,,M
	097317000,ZAMBOANGA DEL SUR,MARGOSATUBIG,,,,,,,,,,,M
	097318000,ZAMBOANGA DEL SUR,MIDSALIP,,,,,,,,,,,M
	097319000,ZAMBOANGA DEL SUR,MOLAVE,,,,,,,,,,,M
	097322000,ZAMBOANGA DEL SUR,PAGADIAN CITY,,,,,,,,,,,C
	097338000,ZAMBOANGA DEL SUR,PITOGO,,,,,,,,,,,M
	097323000,ZAMBOANGA DEL SUR,RAMON MAGSAYSAY (LIARGO),,,,,,,,,,,M
	097324000,ZAMBOANGA DEL SUR,SAN MIGUEL,,,,,,,,,,,M
	097325000,ZAMBOANGA DEL SUR,SAN PABLO,,,,,,,,,,,M
	097340000,ZAMBOANGA DEL SUR,SOMINOT (DON MARIANO MARCOS),,,,,,,,,,,M
	097327000,ZAMBOANGA DEL SUR,TABINA,,,,,,,,,,,M
	097328000,ZAMBOANGA DEL SUR,TAMBULIG,,,,,,,,,,,M
	097344000,ZAMBOANGA DEL SUR,TIGBAO,,,,,,,,,,,M
	097330000,ZAMBOANGA DEL SUR,TUKURAN,,,,,,,,,,,M
	097341000,ZAMBOANGA DEL SUR,VINCENZO A. SAGUN,,,,,,,,,,,M
	097332000,ZAMBOANGA DEL SUR,ZAMBOANGA CITY,,,,,,,,,,,M
	098300000,ZAMBOANGA SIBUGAY,,0,0,0,0,0,0,0,0,0,0,P
	098301000,ZAMBOANGA SIBUGAY,ALICIA,,,,,,,,,,,M
	098302000,ZAMBOANGA SIBUGAY,BUUG,,,,,,,,,,,M
	098303000,ZAMBOANGA SIBUGAY,DIPLAHAN,,,,,,,,,,,M
	098304000,ZAMBOANGA SIBUGAY,IMELDA,,,,,,,,,,,M
	098305000,ZAMBOANGA SIBUGAY,IPIL,,,,,,,,,,,M
	098306000,ZAMBOANGA SIBUGAY,KABASALAN,,,,,,,,,,,M
	098307000,ZAMBOANGA SIBUGAY,MABUHAY,,,,,,,,,,,M
	098308000,ZAMBOANGA SIBUGAY,MALANGAS,,,,,,,,,,,M
	098309000,ZAMBOANGA SIBUGAY,NAGA,,,,,,,,,,,M
	098310000,ZAMBOANGA SIBUGAY,OLUTANGA,,,,,,,,,,,M
	098311000,ZAMBOANGA SIBUGAY,PAYAO,,,,,,,,,,,M
	098312000,ZAMBOANGA SIBUGAY,ROSELLER LIM,,,,,,,,,,,M
	098313000,ZAMBOANGA SIBUGAY,SIAY,,,,,,,,,,,M
	098314000,ZAMBOANGA SIBUGAY,TALUSAN,,,,,,,,,,,M
	098315000,ZAMBOANGA SIBUGAY,TITAY,,,,,,,,,,,M
	098316000,ZAMBOANGA SIBUGAY,TUNGAWAN,,,,,,,,,,,M
	100000000,REGION X (NORTHERN MINDANAO),,16,4253,19592,41,4016,18407,37,185,4053,18592,R
	101300000,BUKIDNON,,1,40,157,2,40,157,0,0,40,157,P
	101301000,BUKIDNON,BAUNGON,,,,,,,,,0,0,M
	101322000,BUKIDNON,CABANGLASAN,,,,,,,,,0,0,M
	101302000,BUKIDNON,DAMULOG,,,,,,,,,0,0,M
	101303000,BUKIDNON,DANGCAGAN,,,,,,,,,0,0,M
	101304000,BUKIDNON,DON CARLOS,,,,,,,,,0,0,M
	101305000,BUKIDNON,IMPASUG-ONG,,,,,,,,,0,0,M
	101306000,BUKIDNON,KADINGILAN,,,,,,,,,0,0,M
	101307000,BUKIDNON,KALILANGAN,,,,,,,,,0,0,M
	101308000,BUKIDNON,KIBAWE,,,,,,,,,0,0,M
	101309000,BUKIDNON,KITAOTAO,,,,,,,,,0,0,M
	101310000,BUKIDNON,LANTAPAN,,,,,,,,,0,0,M
	101311000,BUKIDNON,LIBONA,,,,,,,,,0,0,M
	101312000,BUKIDNON,MALAYBALAY CITY,,,,,,,,,0,0,C
	101313000,BUKIDNON,MALITBOG,1,40,157,2,40,157,,,40,157,M
	101314000,BUKIDNON,MANOLO FORTICH,,,,,,,,,0,0,M
	101315000,BUKIDNON,MARAMAG,,,,,,,,,0,0,M
	101316000,BUKIDNON,PANGANTUCAN,,,,,,,,,0,0,M
	101317000,BUKIDNON,QUEZON,,,,,,,,,0,0,M
	101318000,BUKIDNON,SAN FERNANDO,,,,,,,,,0,0,M
	101319000,BUKIDNON,SUMILAO,,,,,,,,,0,0,M
	101320000,BUKIDNON,TALAKAG,,,,,,,,,0,0,M
	101321000,BUKIDNON,VALENCIA,,,,,,,,,0,0,C
	101800000,CAMIGUIN,,6,574,2750,5,374,1750,0,0,374,1750,P
	101801000,CAMIGUIN,CATARMAN,1,79,428,2,79,428,,,79,428,M
	101802000,CAMIGUIN,GUINSILIBAN,1,40,162,1,40,162,,,40,162,M
	101803000,CAMIGUIN,MAHINOG,1,150,557,1,150,557,,,150,557,M
	101804000,CAMIGUIN,MAMBAJAO,2,105,603,1,105,603,,,105,603,M
	101805000,CAMIGUIN,SAGAY,1,200,1000,,,,,,0,0,M
	103500000,LANAO DEL NORTE,,1,426,898,1,426,898,0,0,426,898,P
	103501000,LANAO DEL NORTE,BACOLOD,,,,,,,,,,,M
	103502000,LANAO DEL NORTE,BALOI,,,,,,,,,,,M
	103503000,LANAO DEL NORTE,BAROY,,,,,,,,,,,M
	103504000,LANAO DEL NORTE,ILIGAN,,,,,,,,,,,C
	103505000,LANAO DEL NORTE,KAPATAGAN,,,,,,,,,0,0,M
	103507000,LANAO DEL NORTE,KAUSWAGAN,1,426,898,1,426,898,,,426,898,M
	103508000,LANAO DEL NORTE,KOLAMBUGAN,,,,,,,,,,,M
	103509000,LANAO DEL NORTE,LALA,,,,,,,,,,,M
	103510000,LANAO DEL NORTE,LINAMON,,,,,,,,,,,M
	103511000,LANAO DEL NORTE,MAGSAYSAY,,,,,,,,,,,M
	103512000,LANAO DEL NORTE,MAIGO,,,,,,,,,,,M
	103513000,LANAO DEL NORTE,MATUNGAO,,,,,,,,,,,M
	103514000,LANAO DEL NORTE,MUNAI,,,,,,,,,,,M
	103515000,LANAO DEL NORTE,NUNUNGAN,,,,,,,,,,,M
	103516000,LANAO DEL NORTE,PANTAO RAGAT,,,,,,,,,,,M
	103523000,LANAO DEL NORTE,PANTAR,,,,,,,,,,,M
	103517000,LANAO DEL NORTE,POONA PIAGAPO,,,,,,,,,,,M
	103518000,LANAO DEL NORTE,SALVADOR,,,,,,,,,,,M
	103519000,LANAO DEL NORTE,SAPAD,,,,,,,,,,,M
	103506000,LANAO DEL NORTE,SULTAN NAGA DIMAPORO (KAROMATAN),,,,,,,,,,,M
	103520000,LANAO DEL NORTE,TAGOLOAN,,,,,,,,,,,M
	103521000,LANAO DEL NORTE,TANGCAL,,,,,,,,,,,M
	103522000,LANAO DEL NORTE,TUBOD,,,,,,,,,,,M
	104200000,MISAMIS OCCIDENTAL,,0,0,0,0,0,0,0,0,0,0,P
	104201000,MISAMIS OCCIDENTAL,ALORAN,,,,,,,,,0,0,M
	104202000,MISAMIS OCCIDENTAL,BALIANGAO,,,,,,,,,0,0,M
	104203000,MISAMIS OCCIDENTAL,BONIFACIO,,,,,,,,,0,0,M
	104204000,MISAMIS OCCIDENTAL,CALAMBA,,,,,,,,,0,0,M
	104205000,MISAMIS OCCIDENTAL,CLARIN,,,,,,,,,0,0,M
	104206000,MISAMIS OCCIDENTAL,CONCEPCION,,,,,,,,,0,0,M
	104217000,MISAMIS OCCIDENTAL,DON VICTORIANO CHIONGBIAN (DON MARIANO MARCOS),,,,,,,,,0,0,M
	104207000,MISAMIS OCCIDENTAL,JIMENEZ,,,,,,,,,0,0,M
	104208000,MISAMIS OCCIDENTAL,LOPEZ JAENA,,,,,,,,,0,0,M
	104209000,MISAMIS OCCIDENTAL,OROQUIETA CITY,,,,,,,,,0,0,C
	104210000,MISAMIS OCCIDENTAL,OZAMIS CITY,,,,,,,,,0,0,C
	104211000,MISAMIS OCCIDENTAL,PANAON,,,,,,,,,0,0,M
	104212000,MISAMIS OCCIDENTAL,PLARIDEL,,,,,,,,,0,0,M
	104213000,MISAMIS OCCIDENTAL,SAPANG DALAGA,,,,,,,,,0,0,M
	104214000,MISAMIS OCCIDENTAL,SINACABAN,,,,,,,,,0,0,M
	104215000,MISAMIS OCCIDENTAL,TANGUB,,,,,,,,,0,0,C
	104216000,MISAMIS OCCIDENTAL,TUDELA,,,,,,,,,0,0,M
	104300000,MISAMIS ORIENTAL,,8,3213,15787,33,3176,15602,37,185,3213,15787,P
	104301000,MISAMIS ORIENTAL,ALUBIJID,,,,,,,,,0,0,M
	104302000,MISAMIS ORIENTAL,BALINGASAG,,,,,,,,,0,0,M
	104303000,MISAMIS ORIENTAL,BALINGOAN,,,,,,,,,0,0,M
	104304000,MISAMIS ORIENTAL,BINUANGAN,,,,,,,,,0,0,M
	104305000,MISAMIS ORIENTAL,CAGAYAN DE ORO CITY,2,3000,15000,27,3000,15000,,,3000,15000,C
	104306000,MISAMIS ORIENTAL,CLAVERIA,,,,,,,,,0,0,M
	104307000,MISAMIS ORIENTAL,EL SALVADOR,4,138,400,4,138,400,,,138,400,M
	104308000,MISAMIS ORIENTAL,GINGOOG CITY,2,75,387,2,38,202,37,185,75,387,C
	104309000,MISAMIS ORIENTAL,GITAGUM,,,,,,,,,0,0,M
	104310000,MISAMIS ORIENTAL,INITAO,,,,,,,,,0,0,M
	104311000,MISAMIS ORIENTAL,JASAAN,,,,,,,,,0,0,M
	104312000,MISAMIS ORIENTAL,KINOGUITAN,,,,,,,,,0,0,M
	104313000,MISAMIS ORIENTAL,LAGONGLONG,,,,,,,,,0,0,M
	104314000,MISAMIS ORIENTAL,LAGUINDINGAN,,,,,,,,,0,0,M
	104315000,MISAMIS ORIENTAL,LIBERTAD,,,,,,,,,0,0,M
	104316000,MISAMIS ORIENTAL,LUGAIT,,,,,,,,,0,0,M
	104317000,MISAMIS ORIENTAL,MAGSAYSAY (LINUGOS),,,,,,,,,0,0,M
	104318000,MISAMIS ORIENTAL,MANTICAO,,,,,,,,,0,0,M
	104319000,MISAMIS ORIENTAL,MEDINA,,,,,,,,,0,0,M
	104320000,MISAMIS ORIENTAL,NAAWAN,,,,,,,,,0,0,M
	104321000,MISAMIS ORIENTAL,OPOL,,,,,,,,,0,0,M
	104322000,MISAMIS ORIENTAL,SALAY,,,,,,,,,0,0,M
	104323000,MISAMIS ORIENTAL,SUGBONGCOGON,,,,,,,,,0,0,M
	104324000,MISAMIS ORIENTAL,TAGOLOAN,,,,,,,,,0,0,M
	104325000,MISAMIS ORIENTAL,TALISAYAN,,,,,,,,,0,0,M
	104326000,MISAMIS ORIENTAL,VILLANUEVA,,,,,,,,,0,0,M
110000000,REGION XI (DAVAO REGION),,17,860,4300,0,0,0,8,40,8,40,R
118200000,COMPOSTELA VALLEY,,7,304,1520,0,0,0,0,0,0,0,P
118201000,COMPOSTELA VALLEY,COMPOSTELA,,,,,,,,,,,M
118202000,COMPOSTELA VALLEY,LAAK (SAN VICENTE),,,,,,,,,,,M
118203000,COMPOSTELA VALLEY,MABINI (DOÑA ALICIA),,,,,,,,,,,M
118204000,COMPOSTELA VALLEY,MACO,4,274,1370,,,,,,,,M
118205000,COMPOSTELA VALLEY,MARAGUSAN (SAN MARIANO),,,,,,,,,,,M
118206000,COMPOSTELA VALLEY,MAWAB,,,,,,,,,,,M
118207000,COMPOSTELA VALLEY,MONKAYO,1,8,40,,,,,,,,M
118208000,COMPOSTELA VALLEY,MONTEVISTA,,,,,,,,,,,M
118209000,COMPOSTELA VALLEY,NABUNTURAN,1,2,10,,,,,,,,M
118210000,COMPOSTELA VALLEY,NEW BATAAN,1,20,100,,,,,,,,M
118211000,COMPOSTELA VALLEY,PANTUKAN,,,,,,,,,,,M
112300000,DAVAO DEL NORTE,,0,0,0,0,0,0,0,0,0,0,P
112301000,DAVAO DEL NORTE,ASUNCION (SAUG),,,,,,,,,,,M
112323000,DAVAO DEL NORTE,BRAULIO E. DUJALI,,,,,,,,,,,M
112303000,DAVAO DEL NORTE,CARMEN,,,,,,,,,,,M
112317000,DAVAO DEL NORTE,ISLAND GARDEN CITY OF SAMAL,,,,,,,,,,,C
112305000,DAVAO DEL NORTE,KAPALONG,,,,,,,,,,,M
112314000,DAVAO DEL NORTE,NEW CORELLA,,,,,,,,,,,M
112315000,DAVAO DEL NORTE,PANABO,,,,,,,,,,,C
112324000,DAVAO DEL NORTE,SAN ISIDRO,,,,,,,,,,,M
112318000,DAVAO DEL NORTE,SANTO TOMAS,,,,,,,,,,,M
112319000,DAVAO DEL NORTE,TAGUM,,,,,,,,,,,C
112322000,DAVAO DEL NORTE,TALAINGOD,,,,,,,,,,,M
112401000,DAVAO DEL SUR,,0,0,0,0,0,0,0,0,0,0,P
112401000,DAVAO DEL SUR,BANSALAN,,,,,,,,,,,M
112402000,DAVAO DEL SUR,DAVAO CITY,,,,,,,,,,,C
112403000,DAVAO DEL SUR,DIGOS,,,,,,,,,,,C
112416000,DAVAO DEL SUR,DON MARCELINO,,,,,,,,,,,M
112404000,DAVAO DEL SUR,HAGONOY,,,,,,,,,,,M
112405000,DAVAO DEL SUR,JOSE ABAD SANTOS (TRINIDAD),,,,,,,,,,,M
112406000,DAVAO DEL SUR,KIBLAWAN,,,,,,,,,,,M
112407000,DAVAO DEL SUR,MAGSAYSAY,,,,,,,,,,,M
112408000,DAVAO DEL SUR,MALALAG,,,,,,,,,,,M
112409000,DAVAO DEL SUR,MALITA,,,,,,,,,,,M
112410000,DAVAO DEL SUR,MATANAO,,,,,,,,,,,M
112411000,DAVAO DEL SUR,PADADA,,,,,,,,,,,M
112412000,DAVAO DEL SUR,SANTA CRUZ,,,,,,,,,,,M
112413000,DAVAO DEL SUR,SANTA MARIA,,,,,,,,,,,M
112415000,DAVAO DEL SUR,SARANGANI,,,,,,,,,,,M
112414000,DAVAO DEL SUR,SULOP,,,,,,,,,,,M
112501000,DAVAO ORIENTAL,,10,556,2780,0,0,0,8,40,8,40,P
112501000,DAVAO ORIENTAL,BAGANGA,,,,,,,,,,,M
112502000,DAVAO ORIENTAL,BANAYBANAY,,,,,,,,,,,M
112503000,DAVAO ORIENTAL,BOSTON,3,103,515,,,,,,0,0,M
112504000,DAVAO ORIENTAL,CARAGA,2,193,965,,,,,,0,0,M
112505000,DAVAO ORIENTAL,CATEEL,1,32,160,,,,8,40,8,40,M
112506000,DAVAO ORIENTAL,GOVERNOR GENEROSO,,,,,,,,,0,0,M
112507000,DAVAO ORIENTAL,PASIL,1,8,40,,,,,,0,0,M
112508000,DAVAO ORIENTAL,MANAY,1,30,150,,,,,,0,0,M
112509000,DAVAO ORIENTAL,MATI,1,7,35,,,,,,0,0,M
112510000,DAVAO ORIENTAL,SAN ISIDRO,,,,,,,,,0,0,M
112511000,DAVAO ORIENTAL,TARRAGONA,1,183,915,,,,,,0,0,M
120000000,REGION XII (SOCCSKSARGEN),,0,0,0,0,0,0,0,0,0,0,R
129804000,,COTABATO CITY,,,,,,,,,,,C
124700000,COTABATO (NORTH COTABATO),,0,0,0,0,0,0,0,0,0,0,P
124701000,COTABATO (NORTH COTABATO),ALAMADA,,,,,,,,,,,M
124717000,COTABATO (NORTH COTABATO),ALEOSAN,,,,,,,,,,,M
124715000,COTABATO (NORTH COTABATO),ANTIPAS,,,,,,,,,,,M
124718000,COTABATO (NORTH COTABATO),ARAKAN,,,,,,,,,,,M
124716000,COTABATO (NORTH COTABATO),BANISILAN,,,,,,,,,,,M
124702000,COTABATO (NORTH COTABATO),CARMEN,,,,,,,,,,,M
124703000,COTABATO (NORTH COTABATO),KABACAN,,,,,,,,,,,M
124704000,COTABATO (NORTH COTABATO),KIDAPAWAN,,,,,,,,,,,C
124705000,COTABATO (NORTH COTABATO),LIBUNGAN,,,,,,,,,,,M
124706000,COTABATO (NORTH COTABATO),MAGPET,,,,,,,,,,,M
124707000,COTABATO (NORTH COTABATO),MAKILALA,,,,,,,,,,,M
124708000,COTABATO (NORTH COTABATO),MATALAM,,,,,,,,,,,M
124709000,COTABATO (NORTH COTABATO),MIDSAYAP,,,,,,,,,,,M
124710000,COTABATO (NORTH COTABATO),M'LANG,,,,,,,,,,,M
124711000,COTABATO (NORTH COTABATO),PIGKAWAYAN,,,,,,,,,,,M
124712000,COTABATO (NORTH COTABATO),PIKIT,,,,,,,,,,,M
124713000,COTABATO (NORTH COTABATO),PRESIDENT ROXAS,,,,,,,,,,,M
124714000,COTABATO (NORTH COTABATO),TULUNAN,,,,,,,,,,,M
128000000,SARANGANI,,0,0,0,0,0,0,0,0,0,0,P
128001000,SARANGANI,ALABEL,,,,,,,,,,,M
128002000,SARANGANI,GLAN,,,,,,,,,,,M
128003000,SARANGANI,KIAMBA,,,,,,,,,,,M
128004000,SARANGANI,MAASIM,,,,,,,,,,,M
128005000,SARANGANI,MAITUM,,,,,,,,,,,M
128006000,SARANGANI,MALAPATAN,,,,,,,,,,,M
128007000,SARANGANI,MALUNGON,,,,,,,,,,,M
126300000,SOUTH COTABATO,,0,0,0,0,0,0,0,0,0,0,P
126302000,SOUTH COTABATO,BANGA,,,,,,,,,,,M
126303000,SOUTH COTABATO,GENERAL SANTOS CITY (DADIANGAS),,,,,,,,,,,C
126306000,SOUTH COTABATO,KORONADAL,,,,,,,,,,,C
126319000,SOUTH COTABATO,LAKE SEBU,,,,,,,,,,,M
126311000,SOUTH COTABATO,NORALA,,,,,,,,,,,M
126312000,SOUTH COTABATO,POLOMOLOK,,,,,,,,,,,M
126318000,SOUTH COTABATO,SANTO NIÑO,,,,,,,,,,,M
126313000,SOUTH COTABATO,SURALLAH,,,,,,,,,,,M
126314000,SOUTH COTABATO,TAMPAKAN,,,,,,,,,,,M
126315000,SOUTH COTABATO,TANTANGAN,,,,,,,,,,,M
126316000,SOUTH COTABATO,T'BOLI,,,,,,,,,,,M
126317000,SOUTH COTABATO,TUPI,,,,,,,,,,,M
126500000,SULTAN KUDARAT,,0,0,0,0,0,0,0,0,0,0,P
126501000,SULTAN KUDARAT,BAGUMBAYAN,,,,,,,,,,,M
126502000,SULTAN KUDARAT,COLUMBIO,,,,,,,,,,,M
126503000,SULTAN KUDARAT,ESPERANZA,,,,,,,,,,,M
126504000,SULTAN KUDARAT,ISULAN,,,,,,,,,,,M
126505000,SULTAN KUDARAT,KALAMANSIG,,,,,,,,,,,M
126508000,SULTAN KUDARAT,LAMBAYONG (MARIANO MARCOS),,,,,,,,,,,M
126506000,SULTAN KUDARAT,LEBAK,,,,,,,,,,,M
126507000,SULTAN KUDARAT,LUTAYAN,,,,,,,,,,,M
126509000,SULTAN KUDARAT,PALIMBANG,,,,,,,,,,,M
126510000,SULTAN KUDARAT,PRESIDENT QUIRINO,,,,,,,,,,,M
126512000,SULTAN KUDARAT,SEN. NINOY AQUINO,,,,,,,,,,,M
126511000,SULTAN KUDARAT,TACURONG,,,,,,,,,,,C
160000000,REGION XIII (CARAGA),,190,9962,45063,2,4,22,0,0,4,22,R
160200000,AGUSAN DEL NORTE,,27,818,3439,0,0,0,0,0,0,0,P
160201000,AGUSAN DEL NORTE,BUENAVISTA,10,178,697,,,,,,,,M
160202000,AGUSAN DEL NORTE,BUTUAN CITY,5,123,549,,,,,,0,0,C
160203000,AGUSAN DEL NORTE,CABADBARAN,2,123,529,,,,,,,,M
160204000,AGUSAN DEL NORTE,CARMEN,,,,,,,,,,,M
160205000,AGUSAN DEL NORTE,JABONGA,3,321,1315,,,,,,,,M
160206000,AGUSAN DEL NORTE,KITCHARAO,,,,,,,,,,,M
160207000,AGUSAN DEL NORTE,LAS NIEVES,2,5,25,,,,,,,,M
160208000,AGUSAN DEL NORTE,MAGALLANES,,,,,,,,,,,M
160209000,AGUSAN DEL NORTE,NASIPIT,,,,,,,,,,,M
160212000,AGUSAN DEL NORTE,REMEDIOS T. ROMUALDEZ,1,34,138,,,,,,,,M
160210000,AGUSAN DEL NORTE,SANTIAGO,4,34,186,,,,,,,,M
160211000,AGUSAN DEL NORTE,TUBAY,,,,,,,,,,,M
160300000,AGUSAN DEL SUR,,8,33,162,0,0,0,0,0,0,0,P
160301000,AGUSAN DEL SUR,BAYUGAN,,,,,,,,,0,0,M
160302000,AGUSAN DEL SUR,BUNAWAN,,,,,,,,,0,0,M
160303000,AGUSAN DEL SUR,ESPERANZA,,,,,,,,,0,0,M
160304000,AGUSAN DEL SUR,LA PAZ,,,,,,,,,0,0,M
160305000,AGUSAN DEL SUR,LORETO,,,,,,,,,0,0,M
160306000,AGUSAN DEL SUR,PROSPERIDAD,,,,,,,,,0,0,M
160307000,AGUSAN DEL SUR,ROSARIO,,,,,,,,,0,0,M
160308000,AGUSAN DEL SUR,SAN FRANCISCO,8,33,162,,,,,,0,0,M
160309000,AGUSAN DEL SUR,SAN LUIS,,,,,,,,,0,0,M
160310000,AGUSAN DEL SUR,SANTA JOSEFA,,,,,,,,,0,0,M
160314000,AGUSAN DEL SUR,SIBAGAT,,,,,,,,,0,0,M
160311000,AGUSAN DEL SUR,TALACOGON,,,,,,,,,0,0,M
160312000,AGUSAN DEL SUR,TRENTO,,,,,,,,,0,0,M
160313000,AGUSAN DEL SUR,VERUELA,,,,,,,,,0,0,M
168500000,DINAGAT ISLANDS,,36,1208,5059,2,4,22,0,0,4,22,P
168501000,DINAGAT ISLANDS,BASILISA (RIZAL),12,357,1138,,,,0,0,0,0,M
168502000,DINAGAT ISLANDS,CAGDIANAO,8,272,1360,,,,,,0,0,M
168503000,DINAGAT ISLANDS,DINAGAT,10,163,815,,,,,,0,0,M
168504000,DINAGAT ISLANDS,LIBJO (ALBOR),1,218,702,0,0,0,,,0,0,M
168505000,DINAGAT ISLANDS,LORETO,2,74,372,2,4,22,,,4,22,M
168506000,DINAGAT ISLANDS,SAN JOSE,1,79,520,,,,,,0,0,M
168507000,DINAGAT ISLANDS,TUBAJON,2,45,152,,,,,,0,0,M
166700000,SURIGAO DEL NORTE,,78,4278,20146,0,0,0,0,0,0,0,P
166701000,SURIGAO DEL NORTE,ALEGRIA,1,32,160,,,,,,0,0,M
166702000,SURIGAO DEL NORTE,BACUAG,1,74,372,,,,,,0,0,M
166704000,SURIGAO DEL NORTE,BURGOS,4,101,496,,,,,,0,0,M
166706000,SURIGAO DEL NORTE,CLAVER,5,266,1278,,,,,,0,0,M
166707000,SURIGAO DEL NORTE,DAPA,1,24,130,,,,,,0,0,M
166708000,SURIGAO DEL NORTE,DEL CARMEN,6,294,1342,,,,,,0,0,M
166710000,SURIGAO DEL NORTE,GENERAL LUNA,1,54,280,,,,,,0,0,M
166711000,SURIGAO DEL NORTE,GIGAQUIT,5,333,1541,,,,,,0,0,M
166714000,SURIGAO DEL NORTE,MAINIT,6,543,2229,,,,,,0,0,M
166715000,SURIGAO DEL NORTE,MALIMONO,4,211,851,,,,,,0,0,M
166716000,SURIGAO DEL NORTE,PILAR,7,360,1824,,,,,,0,0,M
166717000,SURIGAO DEL NORTE,PLACER,4,313,1568,,,,,,0,0,M
166718000,SURIGAO DEL NORTE,SAN BENITO,,,,,,,,,0,0,M
166719000,SURIGAO DEL NORTE,SAN FRANCISCO (ANAO-AON),1,62,310,,,,,,0,0,M
166720000,SURIGAO DEL NORTE,SAN ISIDRO,1,64,320,,,,,,0,0,M
166721000,SURIGAO DEL NORTE,SANTA MONICA (SAPAO),,,,,,,,,0,0,M
166722000,SURIGAO DEL NORTE,SISON,8,156,703,,,,,,0,0,M
166723000,SURIGAO DEL NORTE,SOCORRO,6,289,1397,,,,,,0,0,M
166724000,SURIGAO DEL NORTE,SURIGAO CITY,9,377,1922,,,,,,0,0,C
166725000,SURIGAO DEL NORTE,TAGANA-AN,1,344,1558,,,,,,0,0,M
166727000,SURIGAO DEL NORTE,TUBOD,7,381,1865,,,,,,0,0,M
166800000,SURIGAO DEL SUR,,41,3625,16257,0,0,0,0,0,0,0,P
166801000,SURIGAO DEL SUR,BAROBO,4,57,285,,,,,,0,0,M
166802000,SURIGAO DEL SUR,BAYABAS,,,,,,,,,0,0,M
166803000,SURIGAO DEL SUR,BISLIG CITY,7,596,2367,,,,,,0,0,C
166804000,SURIGAO DEL SUR,CAGWAIT,3,212,1060,,,,,,0,0,M
166805000,SURIGAO DEL SUR,CANTILAN,,,,,,,,,0,0,M
166806000,SURIGAO DEL SUR,CARMEN,1,5,12,,,,,,0,0,M
166807000,SURIGAO DEL SUR,CARRASCAL,2,47,202,,,,,,0,0,M
166808000,SURIGAO DEL SUR,CORTES,1,20,100,,,,,,0,0,M
166809000,SURIGAO DEL SUR,HINATUAN,3,132,524,,,,,,0,0,M
166810000,SURIGAO DEL SUR,LANUZA,1,72,306,,,,,,0,0,M
166811000,SURIGAO DEL SUR,LIANGA,4,100,500,,,,,,0,0,M
166812000,SURIGAO DEL SUR,LINGIG,1,764,2777,,,,,,0,0,M
166813000,SURIGAO DEL SUR,MADRID,,,,,,,,,0,0,M
166814000,SURIGAO DEL SUR,MARIHATAG,7,496,2699,,,,,,0,0,M
166815000,SURIGAO DEL SUR,SAN AGUSTIN,,,,,,,,,0,0,M
166816000,SURIGAO DEL SUR,SAN MIGUEL,,,,,,,,,0,0,M
166817000,SURIGAO DEL SUR,TAGBINA,,,,,,,,,0,0,M
166818000,SURIGAO DEL SUR,TAGO,,,,,,,,,0,0,M
166819000,SURIGAO DEL SUR,TANDAG,7,1124,5425,,,,,,0,0,M
